<Customization level="" description="" product-version="22.115">
    <GenericInquiryScreen>
        <data-set>
            <relations format-version="3" relations-version="20210430" main-table="GIDesign" stable-sharing="True" file-name="(Name)">
                <link from="GIFilter (DesignID)" to="GIDesign (DesignID)" />
                <link from="GIGroupBy (DesignID)" to="GIDesign (DesignID)" />
                <link from="GIMassAction (DesignID)" to="GIDesign (DesignID)" />
                <link from="GIMassUpdateField (DesignID)" to="GIDesign (DesignID)" />
                <link from="GINavigationScreen (DesignID)" to="GIDesign (DesignID)" />
                <link from="GINavigationParameter (DesignID, NavigationScreenLineNbr)" to="GINavigationScreen (DesignID, LineNbr)" />
                <link from="GINavigationCondition (DesignID, NavigationScreenLineNbr)" to="GINavigationScreen (DesignID, LineNbr)" />
                <link from="GIOn (DesignID, RelationNbr)" to="GIRelation (DesignID, LineNbr)" />
                <link from="GIRecordDefault (DesignID)" to="GIDesign (DesignID)" />
                <link from="GIRelation (DesignID, ParentTable)" to="GITable (DesignID, Alias)" />
                <link from="GIRelation (DesignID, ChildTable)" to="GITable (DesignID, Alias)" />
                <link from="GIResult (DesignID)" to="GIDesign (DesignID)" />
                <link from="GIResult (ObjectName, DesignID)" to="GITable (Alias, DesignID)" />
                <link from="GISort (DesignID)" to="GIDesign (DesignID)" />
                <link from="GITable (DesignID)" to="GIDesign (DesignID)" />
                <link from="GIWhere (DesignID)" to="GIDesign (DesignID)" />
                <link from="SiteMap (Url)" to="GIDesign (DesignID)" type="WeakByUrl" linkname="toDesignById" baseurl="~/GenericInquiry/GenericInquiry.aspx" paramnames="id" />
                <link from="SiteMap (Url)" to="GIDesign (Name)" type="WeakByUrl" linkname="toDesignByName" baseurl="~/GenericInquiry/GenericInquiry.aspx" />
                <link from="ListEntryPoint (ListScreenID)" to="SiteMap (ScreenID)" />
                <link from="SiteMap (ScreenID)" to="GIDesign (PrimaryScreenIDNew)" linkname="to1Screen" />
                <link from="FilterHeader (ScreenID)" to="SiteMap (ScreenID)" />
                <link from="FilterRow (FilterID)" to="FilterHeader (FilterID)" />
                <link from="PivotTable (NoteID)" to="FilterHeader (RefNoteID)" />
                <link from="PivotField (ScreenID, PivotTableID)" to="PivotTable (ScreenID, PivotTableID)" />
                <link from="MUIScreen (NodeID)" to="SiteMap (NodeID)" />
                <link from="MUIWorkspace (WorkspaceID)" to="MUIScreen (WorkspaceID)" type="FromMaster" linkname="workspaceToScreen" split-location="yes" updateable="True" />
                <link from="MUISubcategory (SubcategoryID)" to="MUIScreen (SubcategoryID)" type="FromMaster" updateable="True" />
                <link from="MUITile (ScreenID)" to="SiteMap (ScreenID)" />
                <link from="MUIWorkspace (WorkspaceID)" to="MUITile (WorkspaceID)" type="FromMaster" linkname="workspaceToTile" split-location="yes" updateable="True" />
                <link from="MUIArea (AreaID)" to="MUIWorkspace (AreaID)" type="FromMaster" updateable="True" />
                <link from="MUIPinnedScreen (NodeID, WorkspaceID)" to="MUIScreen (NodeID, WorkspaceID)" type="WeakIfEmpty" isEmpty="Username" />
                <link from="MUIFavoriteWorkspace (WorkspaceID)" to="MUIWorkspace (WorkspaceID)" type="WeakIfEmpty" isEmpty="Username" />
                <link from="GIDesign (NoteID)" to="Note (NoteID)" type="Note" />
                <link from="GIFilter (NoteID)" to="Note (NoteID)" type="Note" />
                <link from="GIFilter (NoteID)" to="GIFilterKvExt (RecordID)" type="RowKvExt" />
                <link from="GIGroupBy (NoteID)" to="Note (NoteID)" type="Note" />
                <link from="GIOn (NoteID)" to="Note (NoteID)" type="Note" />
                <link from="GIRelation (NoteID)" to="Note (NoteID)" type="Note" />
                <link from="GIResult (NoteID)" to="Note (NoteID)" type="Note" />
                <link from="GIResult (NoteID)" to="GIResultKvExt (RecordID)" type="RowKvExt" />
                <link from="GISort (NoteID)" to="Note (NoteID)" type="Note" />
                <link from="GITable (NoteID)" to="Note (NoteID)" type="Note" />
                <link from="GIWhere (NoteID)" to="Note (NoteID)" type="Note" />
                <link from="FilterHeader (NoteID)" to="Note (NoteID)" type="Note" />
                <link from="FilterHeader (NoteID)" to="FilterHeaderKvExt (RecordID)" type="RowKvExt" />
            </relations>
            <layout>
                <table name="GIDesign">
                    <table name="GIFilter" uplink="(DesignID) = (DesignID)">
                        <table name="Note" uplink="(NoteID) = (NoteID)" />
                        <table name="GIFilterKvExt" uplink="(NoteID) = (RecordID)" />
                    </table>
                    <table name="GIGroupBy" uplink="(DesignID) = (DesignID)">
                        <table name="Note" uplink="(NoteID) = (NoteID)" />
                    </table>
                    <table name="GIMassAction" uplink="(DesignID) = (DesignID)" />
                    <table name="GIMassUpdateField" uplink="(DesignID) = (DesignID)" />
                    <table name="GINavigationScreen" uplink="(DesignID) = (DesignID)">
                        <table name="GINavigationParameter" uplink="(DesignID, LineNbr) = (DesignID, NavigationScreenLineNbr)" />
                        <table name="GINavigationCondition" uplink="(DesignID, LineNbr) = (DesignID, NavigationScreenLineNbr)" />
                    </table>
                    <table name="GIRecordDefault" uplink="(DesignID) = (DesignID)" />
                    <table name="GISort" uplink="(DesignID) = (DesignID)">
                        <table name="Note" uplink="(NoteID) = (NoteID)" />
                    </table>
                    <table name="GITable" uplink="(DesignID) = (DesignID)">
                        <table name="GIRelation" uplink="(DesignID, Alias) = (DesignID, ParentTable)">
                            <table name="GIOn" uplink="(DesignID, LineNbr) = (DesignID, RelationNbr)">
                                <table name="Note" uplink="(NoteID) = (NoteID)" />
                            </table>
                            <table name="Note" uplink="(NoteID) = (NoteID)" />
                        </table>
                        <table name="GIResult" uplink="(Alias, DesignID) = (ObjectName, DesignID)">
                            <table name="Note" uplink="(NoteID) = (NoteID)" />
                            <table name="GIResultKvExt" uplink="(NoteID) = (RecordID)" />
                        </table>
                        <table name="Note" uplink="(NoteID) = (NoteID)" />
                    </table>
                    <table name="GIWhere" uplink="(DesignID) = (DesignID)">
                        <table name="Note" uplink="(NoteID) = (NoteID)" />
                    </table>
                    <table name="SiteMap" uplink="(DesignID) = (Url)" linkname="toDesignById">
                        <table name="ListEntryPoint" uplink="(ScreenID) = (ListScreenID)" />
                        <table name="FilterHeader" uplink="(ScreenID) = (ScreenID)">
                            <table name="FilterRow" uplink="(FilterID) = (FilterID)" />
                            <table name="PivotTable" uplink="(RefNoteID) = (NoteID)">
                                <table name="PivotField" uplink="(ScreenID, PivotTableID) = (ScreenID, PivotTableID)" />
                            </table>
                            <table name="Note" uplink="(NoteID) = (NoteID)" />
                            <table name="FilterHeaderKvExt" uplink="(NoteID) = (RecordID)" />
                        </table>
                        <table name="MUIScreen" uplink="(NodeID) = (NodeID)">
                            <table name="MUIPinnedScreen" uplink="(NodeID, WorkspaceID) = (NodeID, WorkspaceID)" />
                        </table>
                        <table name="MUITile" uplink="(ScreenID) = (ScreenID)" />
                    </table>
                    <table name="SiteMap" uplink="(Name) = (Url)" linkname="toDesignByName">
                        <table name="ListEntryPoint" uplink="(ScreenID) = (ListScreenID)" />
                        <table name="FilterHeader" uplink="(ScreenID) = (ScreenID)">
                            <table name="FilterRow" uplink="(FilterID) = (FilterID)" />
                            <table name="PivotTable" uplink="(RefNoteID) = (NoteID)">
                                <table name="PivotField" uplink="(ScreenID, PivotTableID) = (ScreenID, PivotTableID)" />
                            </table>
                            <table name="Note" uplink="(NoteID) = (NoteID)" />
                            <table name="FilterHeaderKvExt" uplink="(NoteID) = (RecordID)" />
                        </table>
                        <table name="MUIScreen" uplink="(NodeID) = (NodeID)">
                            <table name="MUIPinnedScreen" uplink="(NodeID, WorkspaceID) = (NodeID, WorkspaceID)" />
                        </table>
                        <table name="MUITile" uplink="(ScreenID) = (ScreenID)" />
                    </table>
                    <table name="SiteMap" uplink="(PrimaryScreenIDNew) = (ScreenID)" linkname="to1Screen">
                        <table name="ListEntryPoint" uplink="(ScreenID) = (ListScreenID)" />
                        <table name="FilterHeader" uplink="(ScreenID) = (ScreenID)">
                            <table name="FilterRow" uplink="(FilterID) = (FilterID)" />
                            <table name="PivotTable" uplink="(RefNoteID) = (NoteID)">
                                <table name="PivotField" uplink="(ScreenID, PivotTableID) = (ScreenID, PivotTableID)" />
                            </table>
                            <table name="Note" uplink="(NoteID) = (NoteID)" />
                            <table name="FilterHeaderKvExt" uplink="(NoteID) = (RecordID)" />
                        </table>
                        <table name="MUIScreen" uplink="(NodeID) = (NodeID)">
                            <table name="MUIPinnedScreen" uplink="(NodeID, WorkspaceID) = (NodeID, WorkspaceID)" />
                        </table>
                        <table name="MUITile" uplink="(ScreenID) = (ScreenID)" />
                    </table>
                    <table name="Note" uplink="(NoteID) = (NoteID)" />
                </table>
                <table name="MUIWorkspace">
                    <table name="MUIFavoriteWorkspace" uplink="(WorkspaceID) = (WorkspaceID)" />
                </table>
                <table name="MUISubcategory" />
                <table name="MUIArea" />
            </layout>
            <data>
                <GIDesign>
                    <row DesignID="81dfc0d9-f88b-4d37-af61-3663e5822277" Name="Zeta-FeaturesSet" FilterColCount="3" PageSize="0" ExportTop="0" NewRecordCreationEnabled="0" MassDeleteEnabled="0" AutoConfirmDelete="0" MassRecordsUpdateEnabled="0" MassActionsOnRecordsEnabled="0" ExposeViaOData="1" ExposeViaMobile="0" ShowDeletedRecords="0" NotesAndFilesTable="$&lt;None&gt;">
                        <GITable Alias="FeaturesSet" Name="PX.Objects.CS.FeaturesSet">
                            <GIResult LineNbr="167" SortOrder="166" IsActive="1" Field="wMSReceiving" IsVisible="1" DefaultNav="1" QuickFilter="0" FastFilter="0" RowID="3df47cf9-d464-408b-a1a4-31d25d03d0a5" />
                            <GIResult LineNbr="166" SortOrder="165" IsActive="1" Field="wMSPaperlessPicking" IsVisible="1" DefaultNav="1" QuickFilter="0" FastFilter="0" RowID="0b134e98-2d1e-4259-a546-66daa05c2559" />
                            <GIResult LineNbr="165" SortOrder="164" IsActive="1" Field="wMSInventory" IsVisible="1" DefaultNav="1" QuickFilter="0" FastFilter="0" RowID="39e8e146-0b88-498d-975a-fb0b9791dd00" />
                            <GIResult LineNbr="164" SortOrder="163" IsActive="1" Field="wMSFulfillment" IsVisible="1" DefaultNav="1" QuickFilter="0" FastFilter="0" RowID="835bab8b-c1e3-48e8-a690-e8af7d24b2fe" />
                            <GIResult LineNbr="163" SortOrder="162" IsActive="1" Field="wMSCartTracking" IsVisible="1" DefaultNav="1" QuickFilter="0" FastFilter="0" RowID="18836c49-2628-4775-908a-d3382276db37" />
                            <GIResult LineNbr="162" SortOrder="161" IsActive="1" Field="wMSAdvancedPicking" IsVisible="1" DefaultNav="1" QuickFilter="0" FastFilter="0" RowID="fdc2e88a-d3d6-4c8e-ac36-1610fdfb11b6" />
                            <GIResult LineNbr="161" SortOrder="160" IsActive="1" Field="warehouseLocation" IsVisible="1" DefaultNav="1" QuickFilter="0" FastFilter="0" RowID="0708128d-4bc2-4f0a-a2ff-6c65a9687537" />
                            <GIResult LineNbr="160" SortOrder="159" IsActive="1" Field="warehouse" IsVisible="1" DefaultNav="1" QuickFilter="0" FastFilter="0" RowID="48a6fb38-2362-4eb5-a3fb-3db20276cbb8" />
                            <GIResult LineNbr="159" SortOrder="158" IsActive="1" Field="visibilityRestriction" IsVisible="1" DefaultNav="1" QuickFilter="0" FastFilter="0" RowID="c60e0ed3-00b5-40ce-8530-08213051984a" />
                            <GIResult LineNbr="158" SortOrder="157" IsActive="1" Field="vendorRelations" IsVisible="1" DefaultNav="1" QuickFilter="0" FastFilter="0" RowID="beaa7763-bb9c-4485-be67-964171152037" />
                            <GIResult LineNbr="157" SortOrder="156" IsActive="1" Field="vendorDiscounts" IsVisible="1" DefaultNav="1" QuickFilter="0" FastFilter="0" RowID="0dd8fc46-de69-40ee-96a4-27d6b4d43c50" />
                            <GIResult LineNbr="156" SortOrder="155" IsActive="1" Field="vATReporting" IsVisible="1" DefaultNav="1" QuickFilter="0" FastFilter="0" RowID="2976e1be-5791-4f36-878c-078f6f386a06" />
                            <GIResult LineNbr="155" SortOrder="154" IsActive="0" Field="validUntill" IsVisible="1" DefaultNav="1" QuickFilter="0" FastFilter="0" RowID="ba1a7c8f-558b-4e95-8b3b-0b5268bb9f4d" />
                            <GIResult LineNbr="154" SortOrder="153" IsActive="0" Field="validationCode" IsVisible="1" DefaultNav="1" QuickFilter="0" FastFilter="0" RowID="6606d00b-cf7a-4b34-94a7-167131404314" />
                            <GIResult LineNbr="153" SortOrder="152" IsActive="1" Field="userDefinedOrderTypes" IsVisible="1" DefaultNav="1" QuickFilter="0" FastFilter="0" RowID="cff20ae6-0c74-4cf9-9f75-6d1154b5dc0e" />
                            <GIResult LineNbr="152" SortOrder="151" IsActive="1" Field="uPSCarrierIntegration" IsVisible="1" DefaultNav="1" QuickFilter="0" FastFilter="0" RowID="bb5702cf-b066-4a22-ac06-6313e93b3895" />
                            <GIResult LineNbr="151" SortOrder="150" IsActive="1" Field="uKLocalization" IsVisible="1" DefaultNav="1" QuickFilter="0" FastFilter="0" RowID="6560bc35-2fe7-404f-bea3-fa4996e454ab" />
                            <GIResult LineNbr="150" SortOrder="149" IsActive="1" Field="twoFactorAuthentication" IsVisible="1" DefaultNav="1" QuickFilter="0" FastFilter="0" RowID="cfeebd6c-1edb-4752-b08d-4c40d062d881" />
                            <GIResult LineNbr="149" SortOrder="148" IsActive="1" Field="timeReportingModule" IsVisible="1" DefaultNav="1" QuickFilter="0" FastFilter="0" RowID="845f31fd-0ee1-43f3-83fc-e576c647bff5" />
                            <GIResult LineNbr="148" SortOrder="147" IsActive="1" Field="taxEntryFromGL" IsVisible="1" DefaultNav="1" QuickFilter="0" FastFilter="0" RowID="f1365bb5-ec8a-4e29-b3b1-ee0de26da215" />
                            <GIResult LineNbr="147" SortOrder="146" IsActive="1" Field="supportBreakQty" IsVisible="1" DefaultNav="1" QuickFilter="0" FastFilter="0" RowID="c1739f22-2ae1-47cd-8e31-f38f6febbadc" />
                            <GIResult LineNbr="146" SortOrder="145" IsActive="1" Field="subItem" IsVisible="1" DefaultNav="1" QuickFilter="0" FastFilter="0" RowID="0a5a0713-34c2-4a3c-a32e-48a4030947d0" />
                            <GIResult LineNbr="145" SortOrder="144" IsActive="1" Field="subAccount" IsVisible="1" DefaultNav="1" QuickFilter="0" FastFilter="0" RowID="390925f4-5722-493f-b844-a3236037d9b2" />
                            <GIResult LineNbr="144" SortOrder="143" IsActive="1" Field="stripeIntegration" IsVisible="1" DefaultNav="1" QuickFilter="0" FastFilter="0" RowID="fb6a8687-77a3-4c40-b865-112eaf4d5975" />
                            <GIResult LineNbr="143" SortOrder="142" IsActive="0" Field="status" IsVisible="1" DefaultNav="1" QuickFilter="0" FastFilter="0" RowID="e6258272-3592-4be1-ba47-f4ab9119f9d3" />
                            <GIResult LineNbr="142" SortOrder="141" IsActive="1" Field="stampsCarrierIntegration" IsVisible="1" DefaultNav="1" QuickFilter="0" FastFilter="0" RowID="c5ade72a-9306-4a47-bff3-2a6c957760fa" />
                            <GIResult LineNbr="141" SortOrder="140" IsActive="1" Field="specialOrders" IsVisible="1" DefaultNav="1" QuickFilter="0" FastFilter="0" RowID="3409c82d-b111-43a3-ab47-f41cab50098b" />
                            <GIResult LineNbr="140" SortOrder="139" IsActive="1" Field="sOToPOLink" IsVisible="1" DefaultNav="1" QuickFilter="0" FastFilter="0" RowID="95a57d52-fa5a-422c-9555-7ca3a42adf8a" />
                            <GIResult LineNbr="139" SortOrder="138" IsActive="1" Field="shopifyPOS" IsVisible="1" DefaultNav="1" QuickFilter="0" FastFilter="0" RowID="66d2b816-ceb9-4afc-ba2d-f43a19a52be5" />
                            <GIResult LineNbr="138" SortOrder="137" IsActive="1" Field="shopifyIntegration" IsVisible="1" DefaultNav="1" QuickFilter="0" FastFilter="0" RowID="abcce603-9db5-4822-8377-c68e4e8ab085" />
                            <GIResult LineNbr="137" SortOrder="136" IsActive="1" Field="shipEngineCarrierIntegration" IsVisible="1" DefaultNav="1" QuickFilter="0" FastFilter="0" RowID="712671f1-99c8-4d58-b8b0-403603085970" />
                            <GIResult LineNbr="136" SortOrder="135" IsActive="1" Field="shiftDifferential" IsVisible="1" DefaultNav="1" QuickFilter="0" FastFilter="0" RowID="42b69e1e-d71b-451b-9416-1a8d438d41ee" />
                            <GIResult LineNbr="135" SortOrder="134" IsActive="1" Field="serviceManagementModule" IsVisible="1" DefaultNav="1" QuickFilter="0" FastFilter="0" RowID="368cd8fd-392b-4184-af8e-11925bb48bc8" />
                            <GIResult LineNbr="134" SortOrder="133" IsActive="1" Field="sendGridIntegration" IsVisible="1" DefaultNav="1" QuickFilter="0" FastFilter="0" RowID="e12b0279-a32e-4359-b887-8840d727cbfa" />
                            <GIResult LineNbr="133" SortOrder="132" IsActive="1" Field="secureBusinessDate" IsVisible="1" DefaultNav="1" QuickFilter="0" FastFilter="0" RowID="7503728d-de04-465a-bdc1-eb18eff508f1" />
                            <GIResult LineNbr="132" SortOrder="131" IsActive="1" Field="scheduleModule" IsVisible="1" DefaultNav="1" QuickFilter="0" FastFilter="0" RowID="d42fee7e-6814-475f-97a9-893dcbb5069b" />
                            <GIResult LineNbr="131" SortOrder="130" IsActive="1" Field="salesQuotes" IsVisible="1" DefaultNav="1" QuickFilter="0" FastFilter="0" RowID="9d50dfb7-7c14-444c-8888-d7efe3e87260" />
                            <GIResult LineNbr="130" SortOrder="129" IsActive="1" Field="salesforceIntegration" IsVisible="1" DefaultNav="1" QuickFilter="0" FastFilter="0" RowID="e06b554e-0116-4f72-8646-37197b7c4237" />
                            <GIResult LineNbr="129" SortOrder="128" IsActive="1" Field="rutRotDeduction" IsVisible="1" DefaultNav="1" QuickFilter="0" FastFilter="0" RowID="226bb981-ab29-4043-bb80-934aab6918e8" />
                            <GIResult LineNbr="128" SortOrder="127" IsActive="1" Field="rowLevelSecurity" IsVisible="1" DefaultNav="1" QuickFilter="0" FastFilter="0" RowID="3944c05c-52ac-429d-a917-cbb5383175e9" />
                            <GIResult LineNbr="127" SortOrder="126" IsActive="1" Field="routeOptimizer" IsVisible="1" DefaultNav="1" QuickFilter="0" FastFilter="0" RowID="8b3bb214-fdca-41db-9fd2-1ff349645fdb" />
                            <GIResult LineNbr="126" SortOrder="125" IsActive="1" Field="routeManagementModule" IsVisible="1" DefaultNav="1" QuickFilter="0" FastFilter="0" RowID="7b153c5c-9096-4beb-9bb6-4fdaa9751bfc" />
                            <GIResult LineNbr="125" SortOrder="124" IsActive="1" Field="retainage" IsVisible="1" DefaultNav="1" QuickFilter="0" FastFilter="0" RowID="a0cb1762-f8e8-49a0-abf7-7da2a4d1f49b" />
                            <GIResult LineNbr="124" SortOrder="123" IsActive="1" Field="reporting1099" IsVisible="1" DefaultNav="1" QuickFilter="0" FastFilter="0" RowID="f6c904c5-8328-4bff-9c0d-267143932e70" />
                            <GIResult LineNbr="123" SortOrder="122" IsActive="1" Field="replenishment" IsVisible="1" DefaultNav="1" QuickFilter="0" FastFilter="0" RowID="df16c39c-5582-4a1a-a0f9-5b098b7b2d40" />
                            <GIResult LineNbr="122" SortOrder="121" IsActive="1" Field="relatedItems" IsVisible="1" DefaultNav="1" QuickFilter="0" FastFilter="0" RowID="c0267203-dfc2-4825-86f5-f4a6afeaa721" />
                            <GIResult LineNbr="121" SortOrder="120" IsActive="1" Field="purchaseRequisitions" IsVisible="1" DefaultNav="1" QuickFilter="0" FastFilter="0" RowID="0d2ed6db-440e-4d31-9883-7d7c04c0acb7" />
                            <GIResult LineNbr="120" SortOrder="119" IsActive="1" Field="projectQuotes" IsVisible="1" DefaultNav="1" QuickFilter="0" FastFilter="0" RowID="6e0580a0-5510-456e-ae3b-67868df0a99e" />
                            <GIResult LineNbr="119" SortOrder="118" IsActive="1" Field="projectMultiCurrency" IsVisible="1" DefaultNav="1" QuickFilter="0" FastFilter="0" RowID="7e0e5458-18f6-46c5-bbb5-bc24dd0165ba" />
                            <GIResult LineNbr="118" SortOrder="117" IsActive="1" Field="projectModule" IsVisible="1" DefaultNav="1" QuickFilter="0" FastFilter="0" RowID="ae00f4aa-62bd-41e8-b9dd-f82b76cdf883" />
                            <GIResult LineNbr="117" SortOrder="116" IsActive="1" Field="projectAccounting" IsVisible="1" DefaultNav="1" QuickFilter="0" FastFilter="0" RowID="7f058260-bc69-4fe5-bc44-e4c5e9a74ed7" />
                            <GIResult LineNbr="116" SortOrder="115" IsActive="1" Field="procoreIntegration" IsVisible="1" DefaultNav="1" QuickFilter="0" FastFilter="0" RowID="b2778088-18ac-44e2-8ac9-4c1a35ebe3fe" />
                            <GIResult LineNbr="115" SortOrder="114" IsActive="1" Field="prebooking" IsVisible="1" DefaultNav="1" QuickFilter="0" FastFilter="0" RowID="e078d635-1857-4122-816b-71cf477841e6" />
                            <GIResult LineNbr="114" SortOrder="113" IsActive="1" Field="portalModule" IsVisible="1" DefaultNav="1" QuickFilter="0" FastFilter="0" RowID="a8081775-505f-4422-819c-17da2457ef76" />
                            <GIResult LineNbr="113" SortOrder="112" IsActive="1" Field="portalFinancials" IsVisible="1" DefaultNav="1" QuickFilter="0" FastFilter="0" RowID="2387e01c-41d1-4129-8a92-871e29c19af9" />
                            <GIResult LineNbr="112" SortOrder="111" IsActive="1" Field="portalCaseManagement" IsVisible="1" DefaultNav="1" QuickFilter="0" FastFilter="0" RowID="2092a0bd-932c-4c54-baf0-f1c8705e6b9a" />
                            <GIResult LineNbr="111" SortOrder="110" IsActive="1" Field="pOReceiptsWithoutInventory" IsVisible="1" DefaultNav="1" QuickFilter="0" FastFilter="0" RowID="46452430-e5f2-459b-8833-b917caacaeb6" />
                            <GIResult LineNbr="110" SortOrder="109" IsActive="1" Field="platformModule" IsVisible="1" DefaultNav="1" QuickFilter="0" FastFilter="0" RowID="816779b6-1de2-4c01-afb3-c74f79d9885f" />
                            <GIResult LineNbr="109" SortOrder="108" IsActive="1" Field="perUnitTaxSupport" IsVisible="1" DefaultNav="1" QuickFilter="0" FastFilter="0" RowID="5aee5dbf-8b9c-4707-83d9-83c0056747e4" />
                            <GIResult LineNbr="108" SortOrder="107" IsActive="1" Field="payrollUS" IsVisible="1" DefaultNav="1" QuickFilter="0" FastFilter="0" RowID="8b787bb6-0014-4826-99c2-0164b01722e3" />
                            <GIResult LineNbr="107" SortOrder="106" IsActive="1" Field="payrollModule" IsVisible="1" DefaultNav="1" QuickFilter="0" FastFilter="0" RowID="e8c93f1c-1e34-4f0d-8e2a-22551570135b" />
                            <GIResult LineNbr="106" SortOrder="105" IsActive="1" Field="payrollConstruction" IsVisible="1" DefaultNav="1" QuickFilter="0" FastFilter="0" RowID="957da2e3-6e73-405d-8c7f-ff14f27d7c83" />
                            <GIResult LineNbr="105" SortOrder="104" IsActive="1" Field="payrollCAN" IsVisible="1" DefaultNav="1" QuickFilter="0" FastFilter="0" RowID="cd9b2eb4-5b02-43d9-8db5-83390db2745d" />
                            <GIResult LineNbr="104" SortOrder="103" IsActive="1" Field="paymentsByLines" IsVisible="1" DefaultNav="1" QuickFilter="0" FastFilter="0" RowID="24142176-d9e7-4899-bca7-156b3e96259a" />
                            <GIResult LineNbr="103" SortOrder="102" IsActive="1" Field="parentChildAccount" IsVisible="1" DefaultNav="1" QuickFilter="0" FastFilter="0" RowID="68a25d02-5dd5-47b6-b994-1834010f9d38" />
                            <GIResult LineNbr="102" SortOrder="101" IsActive="1" Field="overdueFinCharges" IsVisible="1" DefaultNav="1" QuickFilter="0" FastFilter="0" RowID="f7145699-4430-41b3-8f5a-7164d26799c4" />
                            <GIResult LineNbr="101" SortOrder="100" IsActive="1" Field="outlookIntegration" IsVisible="1" DefaultNav="1" QuickFilter="0" FastFilter="0" RowID="cc3b0cfe-2df0-408c-b670-944a23186e0e" />
                            <GIResult LineNbr="100" SortOrder="99" IsActive="1" Field="organizationModule" IsVisible="1" DefaultNav="1" QuickFilter="0" FastFilter="0" RowID="94c01560-1d66-4ddb-a6e3-dfd7a281e883" />
                            <GIResult LineNbr="99" SortOrder="98" IsActive="1" Field="openIDConnect" IsVisible="1" DefaultNav="1" QuickFilter="0" FastFilter="0" RowID="2f977668-7429-488a-990e-112ca9867b5c" />
                            <GIResult LineNbr="98" SortOrder="97" IsActive="1" Field="notificationModule" IsVisible="1" DefaultNav="1" QuickFilter="0" FastFilter="0" RowID="3daf2df8-231c-4856-a8d7-6283ce3aedd8" />
                            <GIResult LineNbr="97" SortOrder="96" IsActive="1" Field="netGrossEntryMode" IsVisible="1" DefaultNav="1" QuickFilter="0" FastFilter="0" RowID="9c25b8ec-c759-4af0-a33f-941daee01e93" />
                            <GIResult LineNbr="96" SortOrder="95" IsActive="1" Field="multipleUnitMeasure" IsVisible="1" DefaultNav="1" QuickFilter="0" FastFilter="0" RowID="a7c2f8a7-cd1b-4cf1-85e2-a02f002758c6" />
                            <GIResult LineNbr="95" SortOrder="94" IsActive="1" Field="multipleCalendarsSupport" IsVisible="1" DefaultNav="1" QuickFilter="0" FastFilter="0" RowID="c99b02d7-deb0-4da5-818e-cd668ec38e8c" />
                            <GIResult LineNbr="94" SortOrder="93" IsActive="1" Field="multipleBaseCurrencies" IsVisible="1" DefaultNav="1" QuickFilter="0" FastFilter="0" RowID="e2f79159-00b5-4aa5-8128-ab945ffbba06" />
                            <GIResult LineNbr="93" SortOrder="92" IsActive="1" Field="multicurrency" IsVisible="1" DefaultNav="1" QuickFilter="0" FastFilter="0" RowID="b2eb20cd-21ba-40b1-a8e3-b20b271e0bc6" />
                            <GIResult LineNbr="92" SortOrder="91" IsActive="1" Field="multiCompany" IsVisible="1" DefaultNav="1" QuickFilter="0" FastFilter="0" RowID="04efee4d-6a19-4250-b8ee-a5e38ad74251" />
                            <GIResult LineNbr="91" SortOrder="90" IsActive="1" Field="miscModule" IsVisible="1" DefaultNav="1" QuickFilter="0" FastFilter="0" RowID="c085b11d-0797-4d4c-91b3-052e94228336" />
                            <GIResult LineNbr="90" SortOrder="89" IsActive="1" Field="matrixItem" IsVisible="1" DefaultNav="1" QuickFilter="0" FastFilter="0" RowID="5f248244-59f2-49d9-8328-39015e4c4b1a" />
                            <GIResult LineNbr="89" SortOrder="88" IsActive="1" Field="materialManagement" IsVisible="1" DefaultNav="1" QuickFilter="0" FastFilter="0" RowID="c3d9836a-7c23-47d8-af4d-70c50f9c7cb6" />
                            <GIResult LineNbr="88" SortOrder="87" IsActive="1" Field="manufacturingProductConfigurator" IsVisible="1" DefaultNav="1" QuickFilter="0" FastFilter="0" RowID="2163692d-e2bb-487b-a72a-bad6401f2cfe" />
                            <GIResult LineNbr="87" SortOrder="86" IsActive="1" Field="manufacturingMRP" IsVisible="1" DefaultNav="1" QuickFilter="0" FastFilter="0" RowID="fcf61e53-e552-4feb-8f51-9053fbfaff7d" />
                            <GIResult LineNbr="86" SortOrder="85" IsActive="1" Field="manufacturingEstimating" IsVisible="1" DefaultNav="1" QuickFilter="0" FastFilter="0" RowID="26a7e770-516a-410f-8d07-28c81dfbdb45" />
                            <GIResult LineNbr="85" SortOrder="84" IsActive="1" Field="manufacturingECC" IsVisible="1" DefaultNav="1" QuickFilter="0" FastFilter="0" RowID="9d7b1778-1174-4e52-8c5a-204771304ed1" />
                            <GIResult LineNbr="84" SortOrder="83" IsActive="1" Field="manufacturingDataCollection" IsVisible="1" DefaultNav="1" QuickFilter="0" FastFilter="0" RowID="eaa01201-b6d7-458a-bed0-7d01d5c6762d" />
                            <GIResult LineNbr="83" SortOrder="82" IsActive="1" Field="manufacturingBase" IsVisible="1" DefaultNav="1" QuickFilter="0" FastFilter="0" RowID="0e762bd9-78f6-4640-b250-9bb1cefb20fc" />
                            <GIResult LineNbr="82" SortOrder="81" IsActive="1" Field="manufacturingAdvancedPlanning" IsVisible="1" DefaultNav="1" QuickFilter="0" FastFilter="0" RowID="6e425bc8-4821-4023-9f09-a8f95e809ba9" />
                            <GIResult LineNbr="81" SortOrder="80" IsActive="1" Field="manufacturing" IsVisible="1" DefaultNav="1" QuickFilter="0" FastFilter="0" RowID="a9b8a6bf-2b26-42f8-b489-9bc3be1b670c" />
                            <GIResult LineNbr="80" SortOrder="79" IsActive="1" Field="manualVATEntryMode" IsVisible="1" DefaultNav="1" QuickFilter="0" FastFilter="0" RowID="67b7078d-281d-4cb4-a2a4-5e206e32f13f" />
                            <GIResult LineNbr="79" SortOrder="78" IsActive="1" Field="lotSerialTracking" IsVisible="1" DefaultNav="1" QuickFilter="0" FastFilter="0" RowID="3d0c709a-7f3c-423c-9c10-eacae8e60930" />
                            <GIResult LineNbr="78" SortOrder="77" IsActive="0" Field="licenseID" IsVisible="1" DefaultNav="1" QuickFilter="0" FastFilter="0" RowID="9208573d-e11c-437e-b3e5-26b689bfd947" />
                            <GIResult LineNbr="77" SortOrder="76" IsActive="1" Field="kitAssemblies" IsVisible="1" DefaultNav="1" QuickFilter="0" FastFilter="0" RowID="85a6075c-f675-4009-b8b2-4d9693e17abe" />
                            <GIResult LineNbr="76" SortOrder="75" IsActive="1" Field="invoiceRounding" IsVisible="1" DefaultNav="1" QuickFilter="0" FastFilter="0" RowID="ccb13849-8fe9-4ee9-a741-83c7caa18356" />
                            <GIResult LineNbr="75" SortOrder="74" IsActive="1" Field="inventory" IsVisible="1" DefaultNav="1" QuickFilter="0" FastFilter="0" RowID="37397092-4efb-44fd-868b-8af0a1ea7c5d" />
                            <GIResult LineNbr="74" SortOrder="73" IsActive="1" Field="interBranch" IsVisible="1" DefaultNav="1" QuickFilter="0" FastFilter="0" RowID="3c7a842d-e623-4dc9-86d4-8f498c8541ea" />
                            <GIResult LineNbr="73" SortOrder="72" IsActive="1" Field="integrationModule" IsVisible="1" DefaultNav="1" QuickFilter="0" FastFilter="0" RowID="bc2e849f-037c-4fd2-ae88-7062dda64626" />
                            <GIResult LineNbr="72" SortOrder="71" IsActive="1" Field="integratedCardProcessing" IsVisible="1" DefaultNav="1" QuickFilter="0" FastFilter="0" RowID="bce12ebe-c987-414b-b9f1-f6364b896cd1" />
                            <GIResult LineNbr="71" SortOrder="70" IsActive="1" Field="incomingPayments" IsVisible="1" DefaultNav="1" QuickFilter="0" FastFilter="0" RowID="d56fd871-d5a5-44fd-bf03-90df4d2e31e5" />
                            <GIResult LineNbr="70" SortOrder="69" IsActive="1" Field="importSendGridDesigns" IsVisible="1" DefaultNav="1" QuickFilter="0" FastFilter="0" RowID="7b2b3f8c-29b6-4f60-b459-9e4f75f7d406" />
                            <GIResult LineNbr="69" SortOrder="68" IsActive="1" Field="imageRecognition" IsVisible="1" DefaultNav="1" QuickFilter="0" FastFilter="0" RowID="ea1e4ad2-f50a-461e-ba2e-b78a47a6371c" />
                            <GIResult LineNbr="68" SortOrder="67" IsActive="1" Field="hubSpotIntegration" IsVisible="1" DefaultNav="1" QuickFilter="0" FastFilter="0" RowID="90347c33-0cfa-4864-a20e-4a0fa8db9f59" />
                            <GIResult LineNbr="67" SortOrder="66" IsActive="1" Field="googleAndMicrosoftSSO" IsVisible="1" DefaultNav="1" QuickFilter="0" FastFilter="0" RowID="6ef8d682-e962-4b85-a210-77da8d94e692" />
                            <GIResult LineNbr="66" SortOrder="65" IsActive="1" Field="gLWorkBooks" IsVisible="1" DefaultNav="1" QuickFilter="0" FastFilter="0" RowID="f92bb3f8-b41b-47cb-bc0d-766cadc18739" />
                            <GIResult LineNbr="65" SortOrder="64" IsActive="1" Field="gLConsolidation" IsVisible="1" DefaultNav="1" QuickFilter="0" FastFilter="0" RowID="49c9a2dd-adf1-4657-87e5-e90aa49c1ae7" />
                            <GIResult LineNbr="64" SortOrder="63" IsActive="1" Field="glAnomalyDetection" IsVisible="1" DefaultNav="1" QuickFilter="0" FastFilter="0" RowID="fa4cd6c1-d0ac-479b-b955-4c88b476123a" />
                            <GIResult LineNbr="63" SortOrder="62" IsActive="1" Field="gDPRCompliance" IsVisible="1" DefaultNav="1" QuickFilter="0" FastFilter="0" RowID="6b9c1c4d-554f-402c-8c9a-54d96cbf3c0c" />
                            <GIResult LineNbr="62" SortOrder="61" IsActive="1" Field="fortisIntegration" IsVisible="1" DefaultNav="1" QuickFilter="0" FastFilter="0" RowID="e35dba78-43b4-4638-8924-c84c4f6fea58" />
                            <GIResult LineNbr="61" SortOrder="60" IsActive="1" Field="fixedAsset" IsVisible="1" DefaultNav="1" QuickFilter="0" FastFilter="0" RowID="c9a1a60e-5346-4bd8-a80e-5c5a8257dd59" />
                            <GIResult LineNbr="60" SortOrder="59" IsActive="1" Field="finStatementCurTranslation" IsVisible="1" DefaultNav="1" QuickFilter="0" FastFilter="0" RowID="df6dba79-405b-41fd-8cac-83379a393bcf" />
                            <GIResult LineNbr="59" SortOrder="58" IsActive="1" Field="financialStandard" IsVisible="1" DefaultNav="1" QuickFilter="0" FastFilter="0" RowID="dff392a2-fe81-4dca-9ee7-935593d61694" />
                            <GIResult LineNbr="58" SortOrder="57" IsActive="1" Field="financialModule" IsVisible="1" DefaultNav="1" QuickFilter="0" FastFilter="0" RowID="d72f80dc-eadf-47c3-8b65-da4fad14f59e" />
                            <GIResult LineNbr="57" SortOrder="56" IsActive="1" Field="financialAdvanced" IsVisible="1" DefaultNav="1" QuickFilter="0" FastFilter="0" RowID="a7357523-298f-4c5a-8249-397619358ec3" />
                            <GIResult LineNbr="56" SortOrder="55" IsActive="1" Field="fieldLevelLogging" IsVisible="1" DefaultNav="1" QuickFilter="0" FastFilter="0" RowID="12cba0e0-b3c1-41e7-bca6-f54573a07e78" />
                            <GIResult LineNbr="55" SortOrder="54" IsActive="1" Field="fedExCarrierIntegration" IsVisible="1" DefaultNav="1" QuickFilter="0" FastFilter="0" RowID="b7c1f241-c61c-4220-9cfe-82fdd779b971" />
                            <GIResult LineNbr="54" SortOrder="53" IsActive="1" Field="experimentalFeatures" IsVisible="1" DefaultNav="1" QuickFilter="0" FastFilter="0" RowID="68bf1666-0882-4e57-8455-4cfafc4d2b7a" />
                            <GIResult LineNbr="53" SortOrder="52" IsActive="1" Field="expenseManagement" IsVisible="1" DefaultNav="1" QuickFilter="0" FastFilter="0" RowID="92001714-f48e-427e-b116-81bbcd31d548" />
                            <GIResult LineNbr="52" SortOrder="51" IsActive="1" Field="exemptedTaxReporting" IsVisible="1" DefaultNav="1" QuickFilter="0" FastFilter="0" RowID="d13aec4f-556c-4300-b98f-845c5bf91c93" />
                            <GIResult LineNbr="51" SortOrder="50" IsActive="1" Field="exchangeIntegration" IsVisible="1" DefaultNav="1" QuickFilter="0" FastFilter="0" RowID="617a752c-be35-40d1-bf25-8dee85564d45" />
                            <GIResult LineNbr="50" SortOrder="49" IsActive="1" Field="equipmentManagementModule" IsVisible="1" DefaultNav="1" QuickFilter="0" FastFilter="0" RowID="c7ad36c6-910e-436d-b1cb-2f68655137c6" />
                            <GIResult LineNbr="49" SortOrder="48" IsActive="1" Field="easyPostCarrierIntegration" IsVisible="1" DefaultNav="1" QuickFilter="0" FastFilter="0" RowID="0e60d8a3-e62f-4cff-8282-6a76af060bf1" />
                            <GIResult LineNbr="48" SortOrder="47" IsActive="1" Field="dunningLetter" IsVisible="1" DefaultNav="1" QuickFilter="0" FastFilter="0" RowID="436d41b4-9252-4d4c-84b5-8237c1c78f13" />
                            <GIResult LineNbr="47" SortOrder="46" IsActive="1" Field="dropShipments" IsVisible="1" DefaultNav="1" QuickFilter="0" FastFilter="0" RowID="5f25ff5f-443b-4902-aa27-cdaf2665ec83" />
                            <GIResult LineNbr="46" SortOrder="45" IsActive="1" Field="distributionModule" IsVisible="1" DefaultNav="1" QuickFilter="0" FastFilter="0" RowID="0e89c780-d49a-452c-84fd-dac7f63954fa" />
                            <GIResult LineNbr="45" SortOrder="44" IsActive="1" Field="deviceHub" IsVisible="1" DefaultNav="1" QuickFilter="0" FastFilter="0" RowID="db0f39ec-0ea5-469a-b076-f822f1defdad" />
                            <GIResult LineNbr="44" SortOrder="43" IsActive="1" Field="defferedRevenue" IsVisible="1" DefaultNav="1" QuickFilter="0" FastFilter="0" RowID="e5cedd5c-e87c-48c9-a029-4338bb1b0b0f" />
                            <GIResult LineNbr="43" SortOrder="42" IsActive="1" Field="customerModule" IsVisible="1" DefaultNav="1" QuickFilter="0" FastFilter="0" RowID="cf40a999-d6d3-4b17-8565-e06fb51284e4" />
                            <GIResult LineNbr="42" SortOrder="41" IsActive="1" Field="customerDiscounts" IsVisible="1" DefaultNav="1" QuickFilter="0" FastFilter="0" RowID="3d18a54b-7617-4b0e-ad5d-f5f15bf10583" />
                            <GIResult LineNbr="41" SortOrder="40" IsActive="1" Field="customCarrierIntegration" IsVisible="1" DefaultNav="1" QuickFilter="0" FastFilter="0" RowID="d679491c-5702-413e-9abe-139bf866f27b" />
                            <GIResult LineNbr="40" SortOrder="39" IsActive="1" Field="crossReferenceUniqueness" IsVisible="1" DefaultNav="1" QuickFilter="0" FastFilter="0" RowID="85f6c422-6730-4dc4-bec1-c04c2bc6068a" />
                            <GIResult LineNbr="39" SortOrder="38" IsActive="1" Field="costCodes" IsVisible="1" DefaultNav="1" QuickFilter="0" FastFilter="0" RowID="875ab6a5-21ad-4318-ad63-86a2e05df0e7" />
                            <GIResult LineNbr="38" SortOrder="37" IsActive="1" Field="contractManagement" IsVisible="1" DefaultNav="1" QuickFilter="0" FastFilter="0" RowID="5d2c5070-1127-41b7-b629-77234f6b3688" />
                            <GIResult LineNbr="37" SortOrder="36" IsActive="1" Field="contactDuplicate" IsVisible="1" DefaultNav="1" QuickFilter="0" FastFilter="0" RowID="1eedafc8-8341-4862-a089-236b543053e3" />
                            <GIResult LineNbr="36" SortOrder="35" IsActive="1" Field="constructionProjectManagement" IsVisible="1" DefaultNav="1" QuickFilter="0" FastFilter="0" RowID="09110327-b689-49fe-889c-719c5e6f2eb5" />
                            <GIResult LineNbr="35" SortOrder="34" IsActive="1" Field="construction" IsVisible="1" DefaultNav="1" QuickFilter="0" FastFilter="0" RowID="7761f861-9194-4282-b052-9221781f916e" />
                            <GIResult LineNbr="34" SortOrder="33" IsActive="1" Field="consolidatedPosting" IsVisible="1" DefaultNav="1" QuickFilter="0" FastFilter="0" RowID="ab6a95d5-4405-4da7-baa5-8e4bef026bec" />
                            <GIResult LineNbr="33" SortOrder="32" IsActive="1" Field="commissions" IsVisible="1" DefaultNav="1" QuickFilter="0" FastFilter="0" RowID="1ef47c9b-d333-43f2-8357-fcd465b4f0e8" />
                            <GIResult LineNbr="32" SortOrder="31" IsActive="1" Field="commerceIntegration" IsVisible="1" DefaultNav="1" QuickFilter="0" FastFilter="0" RowID="6bf77d4e-2348-4472-a458-3432834ab632" />
                            <GIResult LineNbr="31" SortOrder="30" IsActive="1" Field="changeRequest" IsVisible="1" DefaultNav="1" QuickFilter="0" FastFilter="0" RowID="444b0fc3-fc47-4762-92c5-60bfacba266f" />
                            <GIResult LineNbr="30" SortOrder="29" IsActive="1" Field="changeOrder" IsVisible="1" DefaultNav="1" QuickFilter="0" FastFilter="0" RowID="911343c8-0307-4213-8e2e-f4737ad9b6c9" />
                            <GIResult LineNbr="29" SortOrder="28" IsActive="1" Field="centralizedPeriodsManagement" IsVisible="1" DefaultNav="1" QuickFilter="0" FastFilter="0" RowID="77a310fc-433d-4a2e-95ee-aa45f046f788" />
                            <GIResult LineNbr="28" SortOrder="27" IsActive="1" Field="caseManagement" IsVisible="1" DefaultNav="1" QuickFilter="0" FastFilter="0" RowID="354d3a99-4323-4644-b23c-af353f75f5cd" />
                            <GIResult LineNbr="27" SortOrder="26" IsActive="1" Field="carrierIntegration" IsVisible="1" DefaultNav="1" QuickFilter="0" FastFilter="0" RowID="d8fc4fac-737b-4b09-8f75-97bfe5041c8b" />
                            <GIResult LineNbr="26" SortOrder="25" IsActive="1" Field="canadianLocalization" IsVisible="1" DefaultNav="1" QuickFilter="0" FastFilter="0" RowID="6df3efd4-5126-4397-9493-a8122aada28e" />
                            <GIResult LineNbr="25" SortOrder="24" IsActive="1" Field="businessCardRecognition" IsVisible="1" DefaultNav="1" QuickFilter="0" FastFilter="0" RowID="77ac73bc-9cbf-435c-9a80-d6937bcc4dec" />
                            <GIResult LineNbr="24" SortOrder="23" IsActive="1" Field="budgetForecast" IsVisible="1" DefaultNav="1" QuickFilter="0" FastFilter="0" RowID="1297994c-e50c-4e73-aa46-b4babef6284e" />
                            <GIResult LineNbr="23" SortOrder="22" IsActive="1" Field="branch" IsVisible="1" DefaultNav="1" QuickFilter="0" FastFilter="0" RowID="0c47d80b-233c-4813-beec-5d5071ac7382" />
                            <GIResult LineNbr="22" SortOrder="21" IsActive="1" Field="blanketPO" IsVisible="1" DefaultNav="1" QuickFilter="0" FastFilter="0" RowID="1d045d68-2fa6-4e0c-b719-594ad34f7add" />
                            <GIResult LineNbr="21" SortOrder="20" IsActive="1" Field="bigCommerceIntegration" IsVisible="1" DefaultNav="1" QuickFilter="0" FastFilter="0" RowID="fd6a7aff-ff99-4074-84d1-62b53dfc0080" />
                            <GIResult LineNbr="20" SortOrder="19" IsActive="1" Field="bankTransactionSplits" IsVisible="1" DefaultNav="1" QuickFilter="0" FastFilter="0" RowID="4b10fe14-60fa-4bdb-8097-2e33cdd9e5cb" />
                            <GIResult LineNbr="19" SortOrder="18" IsActive="1" Field="bankFeedIntegration" IsVisible="1" DefaultNav="1" QuickFilter="0" FastFilter="0" RowID="79379d8c-7594-44f5-bb78-2eaf4d45add1" />
                            <GIResult LineNbr="18" SortOrder="17" IsActive="1" Field="b2BOrdering" IsVisible="1" DefaultNav="1" QuickFilter="0" FastFilter="0" RowID="b9ffbf02-c636-4f64-b6cd-6521299769c2" />
                            <GIResult LineNbr="17" SortOrder="16" IsActive="1" Field="avalaraTax" IsVisible="1" DefaultNav="1" QuickFilter="0" FastFilter="0" RowID="80907477-2280-4252-9c04-e3d89bd3e684" />
                            <GIResult LineNbr="16" SortOrder="15" IsActive="1" Field="autoPackaging" IsVisible="1" DefaultNav="1" QuickFilter="0" FastFilter="0" RowID="a98d9ef6-9a3d-480f-bdd4-eccf348a4f08" />
                            <GIResult LineNbr="15" SortOrder="14" IsActive="1" Field="automationModule" IsVisible="1" DefaultNav="1" QuickFilter="0" FastFilter="0" RowID="49ae748d-3ffd-4a2c-8610-6b593fe0e5bc" />
                            <GIResult LineNbr="14" SortOrder="13" IsActive="1" Field="aSC606" IsVisible="1" DefaultNav="1" QuickFilter="0" FastFilter="0" RowID="aaa6c1a5-7226-4373-b4eb-81635f7c65eb" />
                            <GIResult LineNbr="13" SortOrder="12" IsActive="1" Field="approvalWorkflow" IsVisible="1" DefaultNav="1" QuickFilter="0" FastFilter="0" RowID="ada40573-b562-4e44-8f15-8aa5ba785bf6" />
                            <GIResult LineNbr="12" SortOrder="11" IsActive="1" Field="apDocumentRecognition" IsVisible="1" DefaultNav="1" QuickFilter="0" FastFilter="0" RowID="c1a10990-a043-4303-bcb3-586bbdde9413" />
                            <GIResult LineNbr="11" SortOrder="10" IsActive="1" Field="amazonIntegration" IsVisible="1" DefaultNav="1" QuickFilter="0" FastFilter="0" RowID="ba4ecf3a-60f7-490d-b10a-83bfc837fea5" />
                            <GIResult LineNbr="10" SortOrder="9" IsActive="1" Field="allocationTemplates" IsVisible="1" DefaultNav="1" QuickFilter="0" FastFilter="0" RowID="e19aceb7-4f8f-4d01-a294-a8fa965fe7db" />
                            <GIResult LineNbr="9" SortOrder="8" IsActive="1" Field="advancedSOInvoices" IsVisible="1" DefaultNav="1" QuickFilter="0" FastFilter="0" RowID="bcfd9768-d457-4cce-b19f-f88dafd380ea" />
                            <GIResult LineNbr="8" SortOrder="7" IsActive="1" Field="advancedPhysicalCounts" IsVisible="1" DefaultNav="1" QuickFilter="0" FastFilter="0" RowID="9691053f-2f07-4f54-963b-cdcaef8fe052" />
                            <GIResult LineNbr="7" SortOrder="6" IsActive="1" Field="advancedFulfillment" IsVisible="1" DefaultNav="1" QuickFilter="0" FastFilter="0" RowID="c138c423-108c-4b3e-9d2e-9b383a8eaed9" />
                            <GIResult LineNbr="6" SortOrder="5" IsActive="1" Field="advancedAuthentication" IsVisible="1" DefaultNav="1" QuickFilter="0" FastFilter="0" RowID="7ef9c2c9-effc-429c-a208-bbe8cafd9442" />
                            <GIResult LineNbr="5" SortOrder="4" IsActive="1" Field="addressValidation" IsVisible="1" DefaultNav="1" QuickFilter="0" FastFilter="0" RowID="6cec0f53-223c-418e-8e16-002f7ec52485" />
                            <GIResult LineNbr="4" SortOrder="3" IsActive="1" Field="addressLookup" IsVisible="1" DefaultNav="1" QuickFilter="0" FastFilter="0" RowID="e3bedfc1-6cdc-45b4-bc87-b0b1e934f293" />
                            <GIResult LineNbr="3" SortOrder="2" IsActive="1" Field="activeDirectoryAndOtherExternalSSO" IsVisible="1" DefaultNav="1" QuickFilter="0" FastFilter="0" RowID="bf8f9427-f6b0-4ae1-ad26-fc7706dba35a" />
                            <GIResult LineNbr="2" SortOrder="1" IsActive="1" Field="accountLocations" IsVisible="1" DefaultNav="1" QuickFilter="0" FastFilter="0" RowID="e49b95c6-3f41-4f5a-90d4-8c217fe08523" />
                        </GITable>
                        <SiteMap linkname="toDesignById">
                            <row Title="Zeta-FeaturesSet" Url="~/GenericInquiry/GenericInquiry.aspx?id=81dfc0d9-f88b-4d37-af61-3663e5822277" ScreenID="GI640593" NodeID="7a7e789e-b459-4789-b2e8-130760363097" ParentID="00000000-0000-0000-0000-000000000000">
                                <MUIScreen IsPortal="0" WorkspaceID="bbbbbbbb-bbbb-bbbb-bbbb-bbbbbbbbbbbb" Order="640392" SubcategoryID="98e86774-69e3-41ea-b94f-eb2c7a8426d4">
                                    <MUIPinnedScreen IsPortal="0" Username="" IsPinned="1" />
                                </MUIScreen>
                            </row>
                        </SiteMap>
                    </row>
                </GIDesign>
                <MUIWorkspace>
                    <row IsPortal="1" WorkspaceID="bbbbbbbb-bbbb-bbbb-bbbb-bbbbbbbbbbbb" Order="5" Title="Data Views" Icon="poll" IsSystem="1">
                        <MUIFavoriteWorkspace IsPortal="0" Username="" IsFavorite="1" />
                    </row>
                    <row IsPortal="0" WorkspaceID="bbbbbbbb-bbbb-bbbb-bbbb-bbbbbbbbbbbb" Order="32" Title="Data Views" Icon="poll" IsSystem="1">
                        <MUIFavoriteWorkspace IsPortal="0" Username="" IsFavorite="1" />
                    </row>
                </MUIWorkspace>
                <MUISubcategory>
                    <row IsPortal="1" SubcategoryID="98e86774-69e3-41ea-b94f-eb2c7a8426d4" Order="896" Name="Inquiries" Icon="" IsSystem="1" />
                    <row IsPortal="0" SubcategoryID="98e86774-69e3-41ea-b94f-eb2c7a8426d4" Order="896" Name="Inquiries" Icon="" IsSystem="1" />
                </MUISubcategory>
            </data>
        </data-set>
    </GenericInquiryScreen>
    <GenericInquiryScreen>
        <data-set>
            <relations format-version="3" relations-version="20210430" main-table="GIDesign" stable-sharing="True" file-name="(Name)">
                <link from="GIFilter (DesignID)" to="GIDesign (DesignID)" />
                <link from="GIGroupBy (DesignID)" to="GIDesign (DesignID)" />
                <link from="GIMassAction (DesignID)" to="GIDesign (DesignID)" />
                <link from="GIMassUpdateField (DesignID)" to="GIDesign (DesignID)" />
                <link from="GINavigationScreen (DesignID)" to="GIDesign (DesignID)" />
                <link from="GINavigationParameter (DesignID, NavigationScreenLineNbr)" to="GINavigationScreen (DesignID, LineNbr)" />
                <link from="GINavigationCondition (DesignID, NavigationScreenLineNbr)" to="GINavigationScreen (DesignID, LineNbr)" />
                <link from="GIOn (DesignID, RelationNbr)" to="GIRelation (DesignID, LineNbr)" />
                <link from="GIRecordDefault (DesignID)" to="GIDesign (DesignID)" />
                <link from="GIRelation (DesignID, ParentTable)" to="GITable (DesignID, Alias)" />
                <link from="GIRelation (DesignID, ChildTable)" to="GITable (DesignID, Alias)" />
                <link from="GIResult (DesignID)" to="GIDesign (DesignID)" />
                <link from="GIResult (ObjectName, DesignID)" to="GITable (Alias, DesignID)" />
                <link from="GISort (DesignID)" to="GIDesign (DesignID)" />
                <link from="GITable (DesignID)" to="GIDesign (DesignID)" />
                <link from="GIWhere (DesignID)" to="GIDesign (DesignID)" />
                <link from="SiteMap (Url)" to="GIDesign (DesignID)" type="WeakByUrl" linkname="toDesignById" baseurl="~/GenericInquiry/GenericInquiry.aspx" paramnames="id" />
                <link from="SiteMap (Url)" to="GIDesign (Name)" type="WeakByUrl" linkname="toDesignByName" baseurl="~/GenericInquiry/GenericInquiry.aspx" />
                <link from="ListEntryPoint (ListScreenID)" to="SiteMap (ScreenID)" />
                <link from="SiteMap (ScreenID)" to="GIDesign (PrimaryScreenIDNew)" linkname="to1Screen" />
                <link from="FilterHeader (ScreenID)" to="SiteMap (ScreenID)" />
                <link from="FilterRow (FilterID)" to="FilterHeader (FilterID)" />
                <link from="PivotTable (NoteID)" to="FilterHeader (RefNoteID)" />
                <link from="PivotField (ScreenID, PivotTableID)" to="PivotTable (ScreenID, PivotTableID)" />
                <link from="MUIScreen (NodeID)" to="SiteMap (NodeID)" />
                <link from="MUIWorkspace (WorkspaceID)" to="MUIScreen (WorkspaceID)" type="FromMaster" linkname="workspaceToScreen" split-location="yes" updateable="True" />
                <link from="MUISubcategory (SubcategoryID)" to="MUIScreen (SubcategoryID)" type="FromMaster" updateable="True" />
                <link from="MUITile (ScreenID)" to="SiteMap (ScreenID)" />
                <link from="MUIWorkspace (WorkspaceID)" to="MUITile (WorkspaceID)" type="FromMaster" linkname="workspaceToTile" split-location="yes" updateable="True" />
                <link from="MUIArea (AreaID)" to="MUIWorkspace (AreaID)" type="FromMaster" updateable="True" />
                <link from="MUIPinnedScreen (NodeID, WorkspaceID)" to="MUIScreen (NodeID, WorkspaceID)" type="WeakIfEmpty" isEmpty="Username" />
                <link from="MUIFavoriteWorkspace (WorkspaceID)" to="MUIWorkspace (WorkspaceID)" type="WeakIfEmpty" isEmpty="Username" />
                <link from="GIDesign (NoteID)" to="Note (NoteID)" type="Note" />
                <link from="GIFilter (NoteID)" to="Note (NoteID)" type="Note" />
                <link from="GIFilter (NoteID)" to="GIFilterKvExt (RecordID)" type="RowKvExt" />
                <link from="GIGroupBy (NoteID)" to="Note (NoteID)" type="Note" />
                <link from="GIOn (NoteID)" to="Note (NoteID)" type="Note" />
                <link from="GIRelation (NoteID)" to="Note (NoteID)" type="Note" />
                <link from="GIResult (NoteID)" to="Note (NoteID)" type="Note" />
                <link from="GIResult (NoteID)" to="GIResultKvExt (RecordID)" type="RowKvExt" />
                <link from="GISort (NoteID)" to="Note (NoteID)" type="Note" />
                <link from="GITable (NoteID)" to="Note (NoteID)" type="Note" />
                <link from="GIWhere (NoteID)" to="Note (NoteID)" type="Note" />
                <link from="FilterHeader (NoteID)" to="Note (NoteID)" type="Note" />
                <link from="FilterHeader (NoteID)" to="FilterHeaderKvExt (RecordID)" type="RowKvExt" />
            </relations>
            <layout>
                <table name="GIDesign">
                    <table name="GIFilter" uplink="(DesignID) = (DesignID)">
                        <table name="Note" uplink="(NoteID) = (NoteID)" />
                        <table name="GIFilterKvExt" uplink="(NoteID) = (RecordID)" />
                    </table>
                    <table name="GIGroupBy" uplink="(DesignID) = (DesignID)">
                        <table name="Note" uplink="(NoteID) = (NoteID)" />
                    </table>
                    <table name="GIMassAction" uplink="(DesignID) = (DesignID)" />
                    <table name="GIMassUpdateField" uplink="(DesignID) = (DesignID)" />
                    <table name="GINavigationScreen" uplink="(DesignID) = (DesignID)">
                        <table name="GINavigationParameter" uplink="(DesignID, LineNbr) = (DesignID, NavigationScreenLineNbr)" />
                        <table name="GINavigationCondition" uplink="(DesignID, LineNbr) = (DesignID, NavigationScreenLineNbr)" />
                    </table>
                    <table name="GIRecordDefault" uplink="(DesignID) = (DesignID)" />
                    <table name="GISort" uplink="(DesignID) = (DesignID)">
                        <table name="Note" uplink="(NoteID) = (NoteID)" />
                    </table>
                    <table name="GITable" uplink="(DesignID) = (DesignID)">
                        <table name="GIRelation" uplink="(DesignID, Alias) = (DesignID, ParentTable)">
                            <table name="GIOn" uplink="(DesignID, LineNbr) = (DesignID, RelationNbr)">
                                <table name="Note" uplink="(NoteID) = (NoteID)" />
                            </table>
                            <table name="Note" uplink="(NoteID) = (NoteID)" />
                        </table>
                        <table name="GIResult" uplink="(Alias, DesignID) = (ObjectName, DesignID)">
                            <table name="Note" uplink="(NoteID) = (NoteID)" />
                            <table name="GIResultKvExt" uplink="(NoteID) = (RecordID)" />
                        </table>
                        <table name="Note" uplink="(NoteID) = (NoteID)" />
                    </table>
                    <table name="GIWhere" uplink="(DesignID) = (DesignID)">
                        <table name="Note" uplink="(NoteID) = (NoteID)" />
                    </table>
                    <table name="SiteMap" uplink="(DesignID) = (Url)" linkname="toDesignById">
                        <table name="ListEntryPoint" uplink="(ScreenID) = (ListScreenID)" />
                        <table name="FilterHeader" uplink="(ScreenID) = (ScreenID)">
                            <table name="FilterRow" uplink="(FilterID) = (FilterID)" />
                            <table name="PivotTable" uplink="(RefNoteID) = (NoteID)">
                                <table name="PivotField" uplink="(ScreenID, PivotTableID) = (ScreenID, PivotTableID)" />
                            </table>
                            <table name="Note" uplink="(NoteID) = (NoteID)" />
                            <table name="FilterHeaderKvExt" uplink="(NoteID) = (RecordID)" />
                        </table>
                        <table name="MUIScreen" uplink="(NodeID) = (NodeID)">
                            <table name="MUIPinnedScreen" uplink="(NodeID, WorkspaceID) = (NodeID, WorkspaceID)" />
                        </table>
                        <table name="MUITile" uplink="(ScreenID) = (ScreenID)" />
                    </table>
                    <table name="SiteMap" uplink="(Name) = (Url)" linkname="toDesignByName">
                        <table name="ListEntryPoint" uplink="(ScreenID) = (ListScreenID)" />
                        <table name="FilterHeader" uplink="(ScreenID) = (ScreenID)">
                            <table name="FilterRow" uplink="(FilterID) = (FilterID)" />
                            <table name="PivotTable" uplink="(RefNoteID) = (NoteID)">
                                <table name="PivotField" uplink="(ScreenID, PivotTableID) = (ScreenID, PivotTableID)" />
                            </table>
                            <table name="Note" uplink="(NoteID) = (NoteID)" />
                            <table name="FilterHeaderKvExt" uplink="(NoteID) = (RecordID)" />
                        </table>
                        <table name="MUIScreen" uplink="(NodeID) = (NodeID)">
                            <table name="MUIPinnedScreen" uplink="(NodeID, WorkspaceID) = (NodeID, WorkspaceID)" />
                        </table>
                        <table name="MUITile" uplink="(ScreenID) = (ScreenID)" />
                    </table>
                    <table name="SiteMap" uplink="(PrimaryScreenIDNew) = (ScreenID)" linkname="to1Screen">
                        <table name="ListEntryPoint" uplink="(ScreenID) = (ListScreenID)" />
                        <table name="FilterHeader" uplink="(ScreenID) = (ScreenID)">
                            <table name="FilterRow" uplink="(FilterID) = (FilterID)" />
                            <table name="PivotTable" uplink="(RefNoteID) = (NoteID)">
                                <table name="PivotField" uplink="(ScreenID, PivotTableID) = (ScreenID, PivotTableID)" />
                            </table>
                            <table name="Note" uplink="(NoteID) = (NoteID)" />
                            <table name="FilterHeaderKvExt" uplink="(NoteID) = (RecordID)" />
                        </table>
                        <table name="MUIScreen" uplink="(NodeID) = (NodeID)">
                            <table name="MUIPinnedScreen" uplink="(NodeID, WorkspaceID) = (NodeID, WorkspaceID)" />
                        </table>
                        <table name="MUITile" uplink="(ScreenID) = (ScreenID)" />
                    </table>
                    <table name="Note" uplink="(NoteID) = (NoteID)" />
                </table>
                <table name="MUIWorkspace">
                    <table name="MUIFavoriteWorkspace" uplink="(WorkspaceID) = (WorkspaceID)" />
                </table>
                <table name="MUISubcategory" />
                <table name="MUIArea" />
            </layout>
            <data>
                <GIDesign>
                    <row DesignID="a8f9c04f-3cc8-45db-a257-0f7669a0b80f" Name="Zeta-LicenseFeatures" FilterColCount="3" PageSize="0" ExportTop="0" NewRecordCreationEnabled="0" MassDeleteEnabled="0" AutoConfirmDelete="0" MassRecordsUpdateEnabled="0" MassActionsOnRecordsEnabled="0" ExposeViaOData="1" ExposeViaMobile="0" ShowDeletedRecords="1" NotesAndFilesTable="$&lt;None&gt;">
                        <GITable Alias="LicenseFeature" Name="PX.SM.LicenseFeature">
                            <GIResult LineNbr="6" SortOrder="5" IsActive="1" Field="visible" IsVisible="1" DefaultNav="1" QuickFilter="0" FastFilter="0" RowID="54c51e04-7fdd-4ebe-870e-a973047579e5" />
                            <GIResult LineNbr="5" SortOrder="4" IsActive="1" Field="name" IsVisible="1" DefaultNav="1" QuickFilter="0" FastFilter="0" RowID="62081c09-66d7-47f2-a397-9b50be2f1c03" />
                            <GIResult LineNbr="4" SortOrder="3" IsActive="1" Field="id" IsVisible="1" DefaultNav="1" QuickFilter="0" FastFilter="0" RowID="4ff7bea5-4200-45af-9a28-7cb19854d63a" />
                            <GIResult LineNbr="3" SortOrder="2" IsActive="1" Field="enabled" IsVisible="1" DefaultNav="1" QuickFilter="0" FastFilter="0" RowID="b51f0361-6835-44fa-9b35-2ec2f3565b22" />
                            <GIResult LineNbr="2" SortOrder="1" IsActive="1" Field="description" IsVisible="1" DefaultNav="1" QuickFilter="0" FastFilter="0" RowID="f8b12895-0f1a-4c89-aa9f-200b6c578c6a" />
                        </GITable>
                        <SiteMap linkname="toDesignById">
                            <row Title="Zeta-LicenseFeatures" Url="~/GenericInquiry/GenericInquiry.aspx?id=a8f9c04f-3cc8-45db-a257-0f7669a0b80f" ScreenID="GI640592" NodeID="4cadf0cd-7fa8-4a20-9e45-45e5f8bfd01a" ParentID="00000000-0000-0000-0000-000000000000">
                                <MUIScreen IsPortal="0" WorkspaceID="bbbbbbbb-bbbb-bbbb-bbbb-bbbbbbbbbbbb" Order="640382" SubcategoryID="98e86774-69e3-41ea-b94f-eb2c7a8426d4">
                                    <MUIPinnedScreen IsPortal="0" Username="" IsPinned="1" />
                                </MUIScreen>
                            </row>
                        </SiteMap>
                    </row>
                </GIDesign>
                <MUIWorkspace>
                    <row IsPortal="1" WorkspaceID="bbbbbbbb-bbbb-bbbb-bbbb-bbbbbbbbbbbb" Order="5" Title="Data Views" Icon="poll" IsSystem="1">
                        <MUIFavoriteWorkspace IsPortal="0" Username="" IsFavorite="1" />
                    </row>
                    <row IsPortal="0" WorkspaceID="bbbbbbbb-bbbb-bbbb-bbbb-bbbbbbbbbbbb" Order="32" Title="Data Views" Icon="poll" IsSystem="1">
                        <MUIFavoriteWorkspace IsPortal="0" Username="" IsFavorite="1" />
                    </row>
                </MUIWorkspace>
                <MUISubcategory>
                    <row IsPortal="1" SubcategoryID="98e86774-69e3-41ea-b94f-eb2c7a8426d4" Order="896" Name="Inquiries" Icon="" IsSystem="1" />
                    <row IsPortal="0" SubcategoryID="98e86774-69e3-41ea-b94f-eb2c7a8426d4" Order="896" Name="Inquiries" Icon="" IsSystem="1" />
                </MUISubcategory>
            </data>
        </data-set>
    </GenericInquiryScreen>
    <GenericInquiryScreen>
        <data-set>
            <relations format-version="3" relations-version="20210430" main-table="GIDesign" stable-sharing="True" file-name="(Name)">
                <link from="GIFilter (DesignID)" to="GIDesign (DesignID)" />
                <link from="GIGroupBy (DesignID)" to="GIDesign (DesignID)" />
                <link from="GIMassAction (DesignID)" to="GIDesign (DesignID)" />
                <link from="GIMassUpdateField (DesignID)" to="GIDesign (DesignID)" />
                <link from="GINavigationScreen (DesignID)" to="GIDesign (DesignID)" />
                <link from="GINavigationParameter (DesignID, NavigationScreenLineNbr)" to="GINavigationScreen (DesignID, LineNbr)" />
                <link from="GINavigationCondition (DesignID, NavigationScreenLineNbr)" to="GINavigationScreen (DesignID, LineNbr)" />
                <link from="GIOn (DesignID, RelationNbr)" to="GIRelation (DesignID, LineNbr)" />
                <link from="GIRecordDefault (DesignID)" to="GIDesign (DesignID)" />
                <link from="GIRelation (DesignID, ParentTable)" to="GITable (DesignID, Alias)" />
                <link from="GIRelation (DesignID, ChildTable)" to="GITable (DesignID, Alias)" />
                <link from="GIResult (DesignID)" to="GIDesign (DesignID)" />
                <link from="GIResult (ObjectName, DesignID)" to="GITable (Alias, DesignID)" />
                <link from="GISort (DesignID)" to="GIDesign (DesignID)" />
                <link from="GITable (DesignID)" to="GIDesign (DesignID)" />
                <link from="GIWhere (DesignID)" to="GIDesign (DesignID)" />
                <link from="SiteMap (Url)" to="GIDesign (DesignID)" type="WeakByUrl" linkname="toDesignById" baseurl="~/GenericInquiry/GenericInquiry.aspx" paramnames="id" />
                <link from="SiteMap (Url)" to="GIDesign (Name)" type="WeakByUrl" linkname="toDesignByName" baseurl="~/GenericInquiry/GenericInquiry.aspx" />
                <link from="ListEntryPoint (ListScreenID)" to="SiteMap (ScreenID)" />
                <link from="SiteMap (ScreenID)" to="GIDesign (PrimaryScreenIDNew)" linkname="to1Screen" />
                <link from="FilterHeader (ScreenID)" to="SiteMap (ScreenID)" />
                <link from="FilterRow (FilterID)" to="FilterHeader (FilterID)" />
                <link from="PivotTable (NoteID)" to="FilterHeader (RefNoteID)" />
                <link from="PivotField (ScreenID, PivotTableID)" to="PivotTable (ScreenID, PivotTableID)" />
                <link from="MUIScreen (NodeID)" to="SiteMap (NodeID)" />
                <link from="MUIWorkspace (WorkspaceID)" to="MUIScreen (WorkspaceID)" type="FromMaster" linkname="workspaceToScreen" split-location="yes" updateable="True" />
                <link from="MUISubcategory (SubcategoryID)" to="MUIScreen (SubcategoryID)" type="FromMaster" updateable="True" />
                <link from="MUITile (ScreenID)" to="SiteMap (ScreenID)" />
                <link from="MUIWorkspace (WorkspaceID)" to="MUITile (WorkspaceID)" type="FromMaster" linkname="workspaceToTile" split-location="yes" updateable="True" />
                <link from="MUIArea (AreaID)" to="MUIWorkspace (AreaID)" type="FromMaster" updateable="True" />
                <link from="MUIPinnedScreen (NodeID, WorkspaceID)" to="MUIScreen (NodeID, WorkspaceID)" type="WeakIfEmpty" isEmpty="Username" />
                <link from="MUIFavoriteWorkspace (WorkspaceID)" to="MUIWorkspace (WorkspaceID)" type="WeakIfEmpty" isEmpty="Username" />
                <link from="GIDesign (NoteID)" to="Note (NoteID)" type="Note" />
                <link from="GIFilter (NoteID)" to="Note (NoteID)" type="Note" />
                <link from="GIFilter (NoteID)" to="GIFilterKvExt (RecordID)" type="RowKvExt" />
                <link from="GIGroupBy (NoteID)" to="Note (NoteID)" type="Note" />
                <link from="GIOn (NoteID)" to="Note (NoteID)" type="Note" />
                <link from="GIRelation (NoteID)" to="Note (NoteID)" type="Note" />
                <link from="GIResult (NoteID)" to="Note (NoteID)" type="Note" />
                <link from="GIResult (NoteID)" to="GIResultKvExt (RecordID)" type="RowKvExt" />
                <link from="GISort (NoteID)" to="Note (NoteID)" type="Note" />
                <link from="GITable (NoteID)" to="Note (NoteID)" type="Note" />
                <link from="GIWhere (NoteID)" to="Note (NoteID)" type="Note" />
                <link from="FilterHeader (NoteID)" to="Note (NoteID)" type="Note" />
                <link from="FilterHeader (NoteID)" to="FilterHeaderKvExt (RecordID)" type="RowKvExt" />
            </relations>
            <layout>
                <table name="GIDesign">
                    <table name="GIFilter" uplink="(DesignID) = (DesignID)">
                        <table name="Note" uplink="(NoteID) = (NoteID)" />
                        <table name="GIFilterKvExt" uplink="(NoteID) = (RecordID)" />
                    </table>
                    <table name="GIGroupBy" uplink="(DesignID) = (DesignID)">
                        <table name="Note" uplink="(NoteID) = (NoteID)" />
                    </table>
                    <table name="GIMassAction" uplink="(DesignID) = (DesignID)" />
                    <table name="GIMassUpdateField" uplink="(DesignID) = (DesignID)" />
                    <table name="GINavigationScreen" uplink="(DesignID) = (DesignID)">
                        <table name="GINavigationParameter" uplink="(DesignID, LineNbr) = (DesignID, NavigationScreenLineNbr)" />
                        <table name="GINavigationCondition" uplink="(DesignID, LineNbr) = (DesignID, NavigationScreenLineNbr)" />
                    </table>
                    <table name="GIRecordDefault" uplink="(DesignID) = (DesignID)" />
                    <table name="GISort" uplink="(DesignID) = (DesignID)">
                        <table name="Note" uplink="(NoteID) = (NoteID)" />
                    </table>
                    <table name="GITable" uplink="(DesignID) = (DesignID)">
                        <table name="GIRelation" uplink="(DesignID, Alias) = (DesignID, ParentTable)">
                            <table name="GIOn" uplink="(DesignID, LineNbr) = (DesignID, RelationNbr)">
                                <table name="Note" uplink="(NoteID) = (NoteID)" />
                            </table>
                            <table name="Note" uplink="(NoteID) = (NoteID)" />
                        </table>
                        <table name="GIResult" uplink="(Alias, DesignID) = (ObjectName, DesignID)">
                            <table name="Note" uplink="(NoteID) = (NoteID)" />
                            <table name="GIResultKvExt" uplink="(NoteID) = (RecordID)" />
                        </table>
                        <table name="Note" uplink="(NoteID) = (NoteID)" />
                    </table>
                    <table name="GIWhere" uplink="(DesignID) = (DesignID)">
                        <table name="Note" uplink="(NoteID) = (NoteID)" />
                    </table>
                    <table name="SiteMap" uplink="(DesignID) = (Url)" linkname="toDesignById">
                        <table name="ListEntryPoint" uplink="(ScreenID) = (ListScreenID)" />
                        <table name="FilterHeader" uplink="(ScreenID) = (ScreenID)">
                            <table name="FilterRow" uplink="(FilterID) = (FilterID)" />
                            <table name="PivotTable" uplink="(RefNoteID) = (NoteID)">
                                <table name="PivotField" uplink="(ScreenID, PivotTableID) = (ScreenID, PivotTableID)" />
                            </table>
                            <table name="Note" uplink="(NoteID) = (NoteID)" />
                            <table name="FilterHeaderKvExt" uplink="(NoteID) = (RecordID)" />
                        </table>
                        <table name="MUIScreen" uplink="(NodeID) = (NodeID)">
                            <table name="MUIPinnedScreen" uplink="(NodeID, WorkspaceID) = (NodeID, WorkspaceID)" />
                        </table>
                        <table name="MUITile" uplink="(ScreenID) = (ScreenID)" />
                    </table>
                    <table name="SiteMap" uplink="(Name) = (Url)" linkname="toDesignByName">
                        <table name="ListEntryPoint" uplink="(ScreenID) = (ListScreenID)" />
                        <table name="FilterHeader" uplink="(ScreenID) = (ScreenID)">
                            <table name="FilterRow" uplink="(FilterID) = (FilterID)" />
                            <table name="PivotTable" uplink="(RefNoteID) = (NoteID)">
                                <table name="PivotField" uplink="(ScreenID, PivotTableID) = (ScreenID, PivotTableID)" />
                            </table>
                            <table name="Note" uplink="(NoteID) = (NoteID)" />
                            <table name="FilterHeaderKvExt" uplink="(NoteID) = (RecordID)" />
                        </table>
                        <table name="MUIScreen" uplink="(NodeID) = (NodeID)">
                            <table name="MUIPinnedScreen" uplink="(NodeID, WorkspaceID) = (NodeID, WorkspaceID)" />
                        </table>
                        <table name="MUITile" uplink="(ScreenID) = (ScreenID)" />
                    </table>
                    <table name="SiteMap" uplink="(PrimaryScreenIDNew) = (ScreenID)" linkname="to1Screen">
                        <table name="ListEntryPoint" uplink="(ScreenID) = (ListScreenID)" />
                        <table name="FilterHeader" uplink="(ScreenID) = (ScreenID)">
                            <table name="FilterRow" uplink="(FilterID) = (FilterID)" />
                            <table name="PivotTable" uplink="(RefNoteID) = (NoteID)">
                                <table name="PivotField" uplink="(ScreenID, PivotTableID) = (ScreenID, PivotTableID)" />
                            </table>
                            <table name="Note" uplink="(NoteID) = (NoteID)" />
                            <table name="FilterHeaderKvExt" uplink="(NoteID) = (RecordID)" />
                        </table>
                        <table name="MUIScreen" uplink="(NodeID) = (NodeID)">
                            <table name="MUIPinnedScreen" uplink="(NodeID, WorkspaceID) = (NodeID, WorkspaceID)" />
                        </table>
                        <table name="MUITile" uplink="(ScreenID) = (ScreenID)" />
                    </table>
                    <table name="Note" uplink="(NoteID) = (NoteID)" />
                </table>
                <table name="MUIWorkspace">
                    <table name="MUIFavoriteWorkspace" uplink="(WorkspaceID) = (WorkspaceID)" />
                </table>
                <table name="MUISubcategory" />
                <table name="MUIArea" />
            </layout>
            <data>
                <GIDesign>
                    <row DesignID="32e2f0f9-f37a-450b-aa20-49acb296370d" Name="Zeta-UPHistory" FilterColCount="3" PageSize="0" ExportTop="0" NewRecordCreationEnabled="0" MassDeleteEnabled="0" AutoConfirmDelete="0" MassRecordsUpdateEnabled="0" MassActionsOnRecordsEnabled="0" ExposeViaOData="1" ExposeViaMobile="0" ShowDeletedRecords="0" NotesAndFilesTable="$&lt;None&gt;">
                        <GITable Alias="UPHistoryComponents" Name="PX.SM.UPHistoryComponents">
                            <GIResult LineNbr="20" SortOrder="10" IsActive="1" Field="updateID" IsVisible="1" DefaultNav="0" QuickFilter="0" FastFilter="0" RowID="35dc5172-ad61-47bd-9030-bc2dbc7ab7ef" />
                            <GIResult LineNbr="19" SortOrder="9" IsActive="1" Field="updateComponentID" IsVisible="1" DefaultNav="0" QuickFilter="0" FastFilter="0" RowID="28b490ad-5d67-4ba1-8621-11d8922df5b6" />
                            <GIResult LineNbr="18" SortOrder="8" IsActive="1" Field="toVersion" IsVisible="1" DefaultNav="0" QuickFilter="0" FastFilter="0" RowID="34ae5a6c-5bcb-4d10-baf1-dd05f047ab4a" />
                            <GIResult LineNbr="17" SortOrder="7" IsActive="1" Field="fromVersion" IsVisible="1" DefaultNav="0" QuickFilter="0" FastFilter="0" RowID="58617c2a-fe9d-481a-ad17-99a6128acfb6" />
                            <GIResult LineNbr="16" SortOrder="6" IsActive="1" Field="componentType" IsVisible="1" DefaultNav="0" QuickFilter="0" FastFilter="0" RowID="3eea6b65-1a47-414d-bb31-5523afa7dd83" />
                            <GIResult LineNbr="15" SortOrder="5" IsActive="1" Field="componentName" IsVisible="1" DefaultNav="0" QuickFilter="0" FastFilter="0" RowID="82067b18-3135-4b38-9106-407b531b50fd" />
                        </GITable>
                        <GITable Alias="UPHistory" Name="PX.SM.UPHistory">
                            <GIRelation LineNbr="1" ChildTable="UPHistoryComponents" IsActive="1" JoinType="L">
                                <GIOn LineNbr="1" ParentField="updateID" Condition="E" ChildField="updateID" Operation="A" />
                            </GIRelation>
                            <GIResult LineNbr="5" SortOrder="4" IsActive="1" Field="updateID" IsVisible="1" DefaultNav="0" QuickFilter="0" FastFilter="0" RowID="bf1ba958-ca83-4c4a-aa70-6f7c17f68b3d" />
                            <GIResult LineNbr="4" SortOrder="3" IsActive="1" Field="started" IsVisible="1" DefaultNav="0" QuickFilter="0" FastFilter="0" RowID="b0894d57-092c-42c1-af2b-44acc034a74a" />
                            <GIResult LineNbr="3" SortOrder="2" IsActive="1" Field="host" IsVisible="1" DefaultNav="0" QuickFilter="0" FastFilter="0" RowID="bc60e419-a310-49e2-a7be-068c8a97c096" />
                            <GIResult LineNbr="2" SortOrder="1" IsActive="1" Field="finished" IsVisible="1" DefaultNav="0" QuickFilter="0" FastFilter="0" RowID="0ded4afa-e7f9-4496-b88e-105fe29b6984" />
                        </GITable>
                        <SiteMap linkname="toDesignById">
                            <row Title="Zeta-UPHistory" Url="~/GenericInquiry/GenericInquiry.aspx?id=32e2f0f9-f37a-450b-aa20-49acb296370d" ScreenID="GI640591" NodeID="8f94f9c6-360c-4539-b210-b84a4c7fafa5" ParentID="00000000-0000-0000-0000-000000000000">
                                <MUIScreen IsPortal="0" WorkspaceID="bbbbbbbb-bbbb-bbbb-bbbb-bbbbbbbbbbbb" Order="640372" SubcategoryID="98e86774-69e3-41ea-b94f-eb2c7a8426d4">
                                    <MUIPinnedScreen IsPortal="0" Username="" IsPinned="1" />
                                </MUIScreen>
                            </row>
                        </SiteMap>
                    </row>
                </GIDesign>
                <MUIWorkspace>
                    <row IsPortal="1" WorkspaceID="bbbbbbbb-bbbb-bbbb-bbbb-bbbbbbbbbbbb" Order="5" Title="Data Views" Icon="poll" IsSystem="1">
                        <MUIFavoriteWorkspace IsPortal="0" Username="" IsFavorite="1" />
                    </row>
                    <row IsPortal="0" WorkspaceID="bbbbbbbb-bbbb-bbbb-bbbb-bbbbbbbbbbbb" Order="32" Title="Data Views" Icon="poll" IsSystem="1">
                        <MUIFavoriteWorkspace IsPortal="0" Username="" IsFavorite="1" />
                    </row>
                </MUIWorkspace>
                <MUISubcategory>
                    <row IsPortal="1" SubcategoryID="98e86774-69e3-41ea-b94f-eb2c7a8426d4" Order="896" Name="Inquiries" Icon="" IsSystem="1" />
                    <row IsPortal="0" SubcategoryID="98e86774-69e3-41ea-b94f-eb2c7a8426d4" Order="896" Name="Inquiries" Icon="" IsSystem="1" />
                </MUISubcategory>
            </data>
        </data-set>
    </GenericInquiryScreen>
</Customization>