<Customization level="" description="" product-version="22.209">
    <Dashboard>
        <data-set>
            <relations format-version="3" relations-version="20220214" main-table="Dashboard">
                <link from="DashboardParameter (DashboardID)" to="Dashboard (DashboardID)" />
                <link from="DashboardParameter (NoteID)" to="DashboardParameterKvExt (RecordID)" type="RowKvExt" />
                <link from="Widget (DashboardID)" to="Dashboard (DashboardID)" type="WeakIfEmpty" isEmpty="OwnerName" />
                <link from="Widget (NoteID)" to="WidgetKvExt (RecordID)" type="RowKvExt" />
                <link from="SiteMap (ScreenID)" to="Dashboard (ScreenID)" />
                <link from="MUIScreen (NodeID)" to="SiteMap (NodeID)" />
                <link from="MUIWorkspace (WorkspaceID)" to="MUIScreen (WorkspaceID)" type="FromMaster" linkname="workspaceToScreen" split-location="yes" updateable="True" />
                <link from="MUISubcategory (SubcategoryID)" to="MUIScreen (SubcategoryID)" type="FromMaster" updateable="True" />
                <link from="MUITile (ScreenID)" to="SiteMap (ScreenID)" />
                <link from="MUIWorkspace (WorkspaceID)" to="MUITile (WorkspaceID)" type="FromMaster" linkname="workspaceToTile" split-location="yes" updateable="True" />
                <link from="MUIArea (AreaID)" to="MUIWorkspace (AreaID)" type="FromMaster" updateable="True" />
                <link from="MUIPinnedScreen (NodeID, WorkspaceID)" to="MUIScreen (NodeID, WorkspaceID)" type="WeakIfEmpty" isEmpty="Username" />
                <link from="MUIFavoriteWorkspace (WorkspaceID)" to="MUIWorkspace (WorkspaceID)" type="WeakIfEmpty" isEmpty="Username" />
            </relations>
            <layout>
                <table name="Dashboard">
                    <table name="DashboardParameter" uplink="(DashboardID) = (DashboardID)">
                        <table name="DashboardParameterKvExt" uplink="(NoteID) = (RecordID)" />
                    </table>
                    <table name="Widget" uplink="(DashboardID) = (DashboardID)">
                        <table name="WidgetKvExt" uplink="(NoteID) = (RecordID)" />
                    </table>
                    <table name="SiteMap" uplink="(ScreenID) = (ScreenID)">
                        <table name="MUIScreen" uplink="(NodeID) = (NodeID)">
                            <table name="MUIPinnedScreen" uplink="(NodeID, WorkspaceID) = (NodeID, WorkspaceID)" />
                        </table>
                        <table name="MUITile" uplink="(ScreenID) = (ScreenID)" />
                    </table>
                </table>
                <table name="MUIWorkspace">
                    <table name="MUIFavoriteWorkspace" uplink="(WorkspaceID) = (WorkspaceID)" />
                </table>
                <table name="MUISubcategory" />
                <table name="MUIArea" />
            </layout>
            <data>
                <Dashboard>
                    <row DashboardID="1000223" Name="ZetaVarExchange" DefaultOwnerRole="Administrator" ScreenID="DB000042" AllowCopy="1" Workspace1Size="0" Workspace2Size="0" IsPortal="0" ExposeViaMobile="1" NoteID="8888d867-799e-ed11-bac7-b40ede825504">
                        <Widget WidgetID="2836" Caption="Tenant Summary" Column="0" Row="1" Workspace="0" Width="6" Height="250" Type="PX.Dashboards.Widgets.PXTableWidget" Settings="&lt;?xml version=&quot;1.0&quot; encoding=&quot;utf-16&quot;?&gt;&#xD;&#xA;&lt;TableSettings&gt;&#xD;&#xA;  &lt;InquiryScreenID&gt;ZETA6004&lt;/InquiryScreenID&gt;&#xD;&#xA;  &lt;RefreshData&gt;0&lt;/RefreshData&gt;&#xD;&#xA;  &lt;AutoHeight&gt;false&lt;/AutoHeight&gt;&#xD;&#xA;  &lt;Columns&gt;&#xD;&#xA;    &lt;TableColumn&gt;&#xD;&#xA;      &lt;DataField&gt;ZetaVARExchangeTenants_loginName&lt;/DataField&gt;&#xD;&#xA;      &lt;Visible&gt;true&lt;/Visible&gt;&#xD;&#xA;      &lt;Position&gt;0&lt;/Position&gt;&#xD;&#xA;    &lt;/TableColumn&gt;&#xD;&#xA;    &lt;TableColumn&gt;&#xD;&#xA;      &lt;DataField&gt;ZetaVARExchangeTenants_tenantID&lt;/DataField&gt;&#xD;&#xA;      &lt;Visible&gt;true&lt;/Visible&gt;&#xD;&#xA;      &lt;Position&gt;1&lt;/Position&gt;&#xD;&#xA;    &lt;/TableColumn&gt;&#xD;&#xA;    &lt;TableColumn&gt;&#xD;&#xA;      &lt;DataField&gt;ZetaVARExchangeTenants_status&lt;/DataField&gt;&#xD;&#xA;      &lt;Visible&gt;true&lt;/Visible&gt;&#xD;&#xA;      &lt;Position&gt;2&lt;/Position&gt;&#xD;&#xA;    &lt;/TableColumn&gt;&#xD;&#xA;  &lt;/Columns&gt;&#xD;&#xA;&lt;/TableSettings&gt;" NoteID="50f2d7f3-ee9e-ed11-bac7-b40ede825504" />
                        <Widget WidgetID="2835" Caption="License Details" Column="1" Row="0" Workspace="0" Width="6" Height="250" Type="PX.Dashboards.Widgets.PXTableWidget" NoteID="c40de07f-ee9e-ed11-bac7-b40ede825504">
                            <column name="Settings"><![CDATA[<?xml version="1.0" encoding="utf-16"?>
<TableSettings>
  <InquiryScreenID>ZETA6001</InquiryScreenID>
  <RefreshData>0</RefreshData>
  <AutoHeight>false</AutoHeight>
  <Columns>
    <TableColumn>
      <DataField>ZetaVARExchangeLicenseData_CompanyName</DataField>
      <Visible>true</Visible>
      <Position>0</Position>
    </TableColumn>
    <TableColumn>
      <DataField>ZetaVARExchangeLicenseData_licenseStatus</DataField>
      <Visible>true</Visible>
      <Position>1</Position>
    </TableColumn>
    <TableColumn>
      <DataField>ZetaVARExchangeLicenseData_validFrom</DataField>
      <Visible>true</Visible>
      <Position>2</Position>
    </TableColumn>
    <TableColumn>
      <DataField>ZetaVARExchangeLicenseData_validTo</DataField>
      <Visible>true</Visible>
      <Position>3</Position>
    </TableColumn>
    <TableColumn>
      <DataField>ZetaVARExchangeLicenseData_eRPTransactionsofLimit</DataField>
      <Visible>true</Visible>
      <Position>4</Position>
    </TableColumn>
    <TableColumn>
      <DataField>ZetaVARExchangeLicenseData_commercialTransactionsofLimit</DataField>
      <Visible>true</Visible>
      <Position>5</Position>
    </TableColumn>
  </Columns>
</TableSettings>]]></column>
                        </Widget>
                        <Widget WidgetID="2834" Caption="Build Version" Column="0" Row="0" Workspace="0" Width="6" Height="250" Type="PX.Dashboards.Widgets.PXTableWidget" Settings="&lt;?xml version=&quot;1.0&quot; encoding=&quot;utf-16&quot;?&gt;&#xD;&#xA;&lt;TableSettings&gt;&#xD;&#xA;  &lt;InquiryScreenID&gt;ZETA6002&lt;/InquiryScreenID&gt;&#xD;&#xA;  &lt;RefreshData&gt;0&lt;/RefreshData&gt;&#xD;&#xA;  &lt;AutoHeight&gt;false&lt;/AutoHeight&gt;&#xD;&#xA;  &lt;Columns&gt;&#xD;&#xA;    &lt;TableColumn&gt;&#xD;&#xA;      &lt;DataField&gt;ZetaVARExchangeBuildVersion_CompanyName&lt;/DataField&gt;&#xD;&#xA;      &lt;Visible&gt;true&lt;/Visible&gt;&#xD;&#xA;      &lt;Position&gt;0&lt;/Position&gt;&#xD;&#xA;    &lt;/TableColumn&gt;&#xD;&#xA;    &lt;TableColumn&gt;&#xD;&#xA;      &lt;DataField&gt;ZetaVARExchangeBuildVersion_currentVersion&lt;/DataField&gt;&#xD;&#xA;      &lt;Visible&gt;true&lt;/Visible&gt;&#xD;&#xA;      &lt;Position&gt;1&lt;/Position&gt;&#xD;&#xA;    &lt;/TableColumn&gt;&#xD;&#xA;    &lt;TableColumn&gt;&#xD;&#xA;      &lt;DataField&gt;ZetaVARExchangeBuildVersion_lastUpdateDate&lt;/DataField&gt;&#xD;&#xA;      &lt;Visible&gt;true&lt;/Visible&gt;&#xD;&#xA;      &lt;Position&gt;2&lt;/Position&gt;&#xD;&#xA;    &lt;/TableColumn&gt;&#xD;&#xA;  &lt;/Columns&gt;&#xD;&#xA;&lt;/TableSettings&gt;" NoteID="8e8dfc65-ee9e-ed11-bac7-b40ede825504" />
                        <SiteMap Title="Zeta Var Exchange Dashboard" Url="~/Frames/Default.aspx" NodeID="feac74e8-e53a-403f-a832-e20bf17f4667" ParentID="00000000-0000-0000-0000-000000000000">
                            <MUIScreen IsPortal="0" WorkspaceID="de7f064d-8709-4383-bf52-3b98f31c2c78" Order="30" SubcategoryID="29d8e453-ee74-405d-abe1-930728d1f9ba" />
                        </SiteMap>
                        <SiteMap Title="VARBoard-Summary" Url="~/Frames/Default.aspx" NodeID="f3e3454a-77fd-410f-935e-661d5b3cc8b1" ParentID="00000000-0000-0000-0000-000000000000">
                            <MUIScreen IsPortal="0" WorkspaceID="bbbbbbbb-bbbb-bbbb-bbbb-bbbbbbbbbbbb" Order="30" SubcategoryID="29d8e453-ee74-405d-abe1-930728d1f9ba">
                                <MUIPinnedScreen IsPortal="0" Username="" IsPinned="1" />
                            </MUIScreen>
                        </SiteMap>
                    </row>
                </Dashboard>
                <MUIWorkspace>
                    <row IsPortal="1" WorkspaceID="bbbbbbbb-bbbb-bbbb-bbbb-bbbbbbbbbbbb" Order="5" Title="Data Views" Icon="poll" IsSystem="1">
                        <MUIFavoriteWorkspace IsPortal="0" Username="" IsFavorite="1" />
                    </row>
                    <row IsPortal="0" WorkspaceID="bbbbbbbb-bbbb-bbbb-bbbb-bbbbbbbbbbbb" Order="32" Title="Data Views" Icon="poll" IsSystem="1">
                        <MUIFavoriteWorkspace IsPortal="0" Username="" IsFavorite="1" />
                    </row>
                    <row IsPortal="0" WorkspaceID="de7f064d-8709-4383-bf52-3b98f31c2c78" Order="38" Title="HMS VARBoard" Icon="sync" IsSystem="0" />
                </MUIWorkspace>
                <MUISubcategory>
                    <row IsPortal="1" SubcategoryID="29d8e453-ee74-405d-abe1-930728d1f9ba" Order="1478" Name="Dashboards" Icon="" IsSystem="1" />
                    <row IsPortal="0" SubcategoryID="29d8e453-ee74-405d-abe1-930728d1f9ba" Order="1478" Name="Dashboards" Icon="" IsSystem="1" />
                </MUISubcategory>
            </data>
        </data-set>
    </Dashboard>
    <GenericInquiryScreen>
        <data-set>
            <relations format-version="3" relations-version="20220426" main-table="GIDesign" stable-sharing="True" file-name="(Name)">
                <link from="GIFilter (DesignID)" to="GIDesign (DesignID)" />
                <link from="GIGroupBy (DesignID)" to="GIDesign (DesignID)" />
                <link from="GIMassAction (DesignID)" to="GIDesign (DesignID)" />
                <link from="GIMassUpdateField (DesignID)" to="GIDesign (DesignID)" />
                <link from="GINavigationScreen (DesignID)" to="GIDesign (DesignID)" />
                <link from="GINavigationParameter (DesignID, NavigationScreenLineNbr)" to="GINavigationScreen (DesignID, LineNbr)" />
                <link from="GINavigationCondition (DesignID, NavigationScreenLineNbr)" to="GINavigationScreen (DesignID, LineNbr)" />
                <link from="GIOn (DesignID, RelationNbr)" to="GIRelation (DesignID, LineNbr)" />
                <link from="GIRecordDefault (DesignID)" to="GIDesign (DesignID)" />
                <link from="GIRelation (DesignID, ParentTable)" to="GITable (DesignID, Alias)" />
                <link from="GIRelation (DesignID, ChildTable)" to="GITable (DesignID, Alias)" />
                <link from="GIResult (DesignID)" to="GIDesign (DesignID)" />
                <link from="GIResult (ObjectName, DesignID)" to="GITable (Alias, DesignID)" />
                <link from="GISort (DesignID)" to="GIDesign (DesignID)" />
                <link from="GITable (DesignID)" to="GIDesign (DesignID)" />
                <link from="GIWhere (DesignID)" to="GIDesign (DesignID)" />
                <link from="SiteMap (Url)" to="GIDesign (DesignID)" type="WeakByUrl" linkname="toDesignById" baseurl="~/GenericInquiry/GenericInquiry.aspx" paramnames="id" />
                <link from="SiteMap (Url)" to="GIDesign (Name)" type="WeakByUrl" linkname="toDesignByName" baseurl="~/GenericInquiry/GenericInquiry.aspx" />
                <link from="ListEntryPoint (ListScreenID)" to="SiteMap (ScreenID)" />
                <link from="SiteMap (ScreenID)" to="GIDesign (PrimaryScreenIDNew)" linkname="to1Screen" />
                <link from="FilterHeader (ScreenID)" to="SiteMap (ScreenID)" />
                <link from="FilterRow (FilterID)" to="FilterHeader (FilterID)" />
                <link from="PivotTable (NoteID)" to="FilterHeader (RefNoteID)" />
                <link from="PivotField (ScreenID, PivotTableID)" to="PivotTable (ScreenID, PivotTableID)" />
                <link from="MUIScreen (NodeID)" to="SiteMap (NodeID)" />
                <link from="MUIWorkspace (WorkspaceID)" to="MUIScreen (WorkspaceID)" type="FromMaster" linkname="workspaceToScreen" split-location="yes" updateable="True" />
                <link from="MUISubcategory (SubcategoryID)" to="MUIScreen (SubcategoryID)" type="FromMaster" updateable="True" />
                <link from="MUITile (ScreenID)" to="SiteMap (ScreenID)" />
                <link from="MUIWorkspace (WorkspaceID)" to="MUITile (WorkspaceID)" type="FromMaster" linkname="workspaceToTile" split-location="yes" updateable="True" />
                <link from="MUIArea (AreaID)" to="MUIWorkspace (AreaID)" type="FromMaster" updateable="True" />
                <link from="MUIPinnedScreen (NodeID, WorkspaceID)" to="MUIScreen (NodeID, WorkspaceID)" type="WeakIfEmpty" isEmpty="Username" />
                <link from="MUIFavoriteWorkspace (WorkspaceID)" to="MUIWorkspace (WorkspaceID)" type="WeakIfEmpty" isEmpty="Username" />
                <link from="GIDesign (NoteID)" to="Note (NoteID)" type="Note" />
                <link from="GIFilter (NoteID)" to="Note (NoteID)" type="Note" />
                <link from="GIFilter (NoteID)" to="GIFilterKvExt (RecordID)" type="RowKvExt" />
                <link from="GIGroupBy (NoteID)" to="Note (NoteID)" type="Note" />
                <link from="GIOn (NoteID)" to="Note (NoteID)" type="Note" />
                <link from="GIRelation (NoteID)" to="Note (NoteID)" type="Note" />
                <link from="GIResult (NoteID)" to="Note (NoteID)" type="Note" />
                <link from="GIResult (NoteID)" to="GIResultKvExt (RecordID)" type="RowKvExt" />
                <link from="GISort (NoteID)" to="Note (NoteID)" type="Note" />
                <link from="GITable (NoteID)" to="Note (NoteID)" type="Note" />
                <link from="GIWhere (NoteID)" to="Note (NoteID)" type="Note" />
                <link from="FilterHeader (NoteID)" to="Note (NoteID)" type="Note" />
                <link from="FilterHeader (NoteID)" to="FilterHeaderKvExt (RecordID)" type="RowKvExt" />
            </relations>
            <layout>
                <table name="GIDesign">
                    <table name="GIFilter" uplink="(DesignID) = (DesignID)">
                        <table name="Note" uplink="(NoteID) = (NoteID)" />
                        <table name="GIFilterKvExt" uplink="(NoteID) = (RecordID)" />
                    </table>
                    <table name="GIGroupBy" uplink="(DesignID) = (DesignID)">
                        <table name="Note" uplink="(NoteID) = (NoteID)" />
                    </table>
                    <table name="GIMassAction" uplink="(DesignID) = (DesignID)" />
                    <table name="GIMassUpdateField" uplink="(DesignID) = (DesignID)" />
                    <table name="GINavigationScreen" uplink="(DesignID) = (DesignID)">
                        <table name="GINavigationParameter" uplink="(DesignID, LineNbr) = (DesignID, NavigationScreenLineNbr)" />
                        <table name="GINavigationCondition" uplink="(DesignID, LineNbr) = (DesignID, NavigationScreenLineNbr)" />
                    </table>
                    <table name="GIRecordDefault" uplink="(DesignID) = (DesignID)" />
                    <table name="GISort" uplink="(DesignID) = (DesignID)">
                        <table name="Note" uplink="(NoteID) = (NoteID)" />
                    </table>
                    <table name="GITable" uplink="(DesignID) = (DesignID)">
                        <table name="GIRelation" uplink="(DesignID, Alias) = (DesignID, ParentTable)">
                            <table name="GIOn" uplink="(DesignID, LineNbr) = (DesignID, RelationNbr)">
                                <table name="Note" uplink="(NoteID) = (NoteID)" />
                            </table>
                            <table name="Note" uplink="(NoteID) = (NoteID)" />
                        </table>
                        <table name="GIResult" uplink="(Alias, DesignID) = (ObjectName, DesignID)">
                            <table name="Note" uplink="(NoteID) = (NoteID)" />
                            <table name="GIResultKvExt" uplink="(NoteID) = (RecordID)" />
                        </table>
                        <table name="Note" uplink="(NoteID) = (NoteID)" />
                    </table>
                    <table name="GIWhere" uplink="(DesignID) = (DesignID)">
                        <table name="Note" uplink="(NoteID) = (NoteID)" />
                    </table>
                    <table name="SiteMap" uplink="(DesignID) = (Url)" linkname="toDesignById">
                        <table name="ListEntryPoint" uplink="(ScreenID) = (ListScreenID)" />
                        <table name="FilterHeader" uplink="(ScreenID) = (ScreenID)">
                            <table name="FilterRow" uplink="(FilterID) = (FilterID)" />
                            <table name="PivotTable" uplink="(RefNoteID) = (NoteID)">
                                <table name="PivotField" uplink="(ScreenID, PivotTableID) = (ScreenID, PivotTableID)" />
                            </table>
                            <table name="Note" uplink="(NoteID) = (NoteID)" />
                            <table name="FilterHeaderKvExt" uplink="(NoteID) = (RecordID)" />
                        </table>
                        <table name="MUIScreen" uplink="(NodeID) = (NodeID)">
                            <table name="MUIPinnedScreen" uplink="(NodeID, WorkspaceID) = (NodeID, WorkspaceID)" />
                        </table>
                        <table name="MUITile" uplink="(ScreenID) = (ScreenID)" />
                    </table>
                    <table name="SiteMap" uplink="(Name) = (Url)" linkname="toDesignByName">
                        <table name="ListEntryPoint" uplink="(ScreenID) = (ListScreenID)" />
                        <table name="FilterHeader" uplink="(ScreenID) = (ScreenID)">
                            <table name="FilterRow" uplink="(FilterID) = (FilterID)" />
                            <table name="PivotTable" uplink="(RefNoteID) = (NoteID)">
                                <table name="PivotField" uplink="(ScreenID, PivotTableID) = (ScreenID, PivotTableID)" />
                            </table>
                            <table name="Note" uplink="(NoteID) = (NoteID)" />
                            <table name="FilterHeaderKvExt" uplink="(NoteID) = (RecordID)" />
                        </table>
                        <table name="MUIScreen" uplink="(NodeID) = (NodeID)">
                            <table name="MUIPinnedScreen" uplink="(NodeID, WorkspaceID) = (NodeID, WorkspaceID)" />
                        </table>
                        <table name="MUITile" uplink="(ScreenID) = (ScreenID)" />
                    </table>
                    <table name="SiteMap" uplink="(PrimaryScreenIDNew) = (ScreenID)" linkname="to1Screen">
                        <table name="ListEntryPoint" uplink="(ScreenID) = (ListScreenID)" />
                        <table name="FilterHeader" uplink="(ScreenID) = (ScreenID)">
                            <table name="FilterRow" uplink="(FilterID) = (FilterID)" />
                            <table name="PivotTable" uplink="(RefNoteID) = (NoteID)">
                                <table name="PivotField" uplink="(ScreenID, PivotTableID) = (ScreenID, PivotTableID)" />
                            </table>
                            <table name="Note" uplink="(NoteID) = (NoteID)" />
                            <table name="FilterHeaderKvExt" uplink="(NoteID) = (RecordID)" />
                        </table>
                        <table name="MUIScreen" uplink="(NodeID) = (NodeID)">
                            <table name="MUIPinnedScreen" uplink="(NodeID, WorkspaceID) = (NodeID, WorkspaceID)" />
                        </table>
                        <table name="MUITile" uplink="(ScreenID) = (ScreenID)" />
                    </table>
                    <table name="Note" uplink="(NoteID) = (NoteID)" />
                </table>
                <table name="MUIWorkspace">
                    <table name="MUIFavoriteWorkspace" uplink="(WorkspaceID) = (WorkspaceID)" />
                </table>
                <table name="MUISubcategory" />
                <table name="MUIArea" />
            </layout>
            <data>
                <GIDesign>
                    <row DesignID="b5643114-6caf-4d4a-bec4-93a97b94de9c" Name="VARExchange_BuildVersionDetails" FilterColCount="3" PageSize="0" ExportTop="0" NewRecordCreationEnabled="0" MassDeleteEnabled="0" AutoConfirmDelete="0" MassRecordsUpdateEnabled="0" MassActionsOnRecordsEnabled="0" ExposeViaOData="1" ExposeViaMobile="0" RowStyleFormula="=switch(LEFT([ZetaVARExchangeBuildVersion.CurrentVersion],2)='20','red20',LEFT([ZetaVARExchangeBuildVersion.CurrentVersion],4)='22.1','yellow20',1=1,'default')" ShowDeletedRecords="0" NotesAndFilesTable="$&lt;None&gt;">
                        <GINavigationScreen Link="http://localhost/AcumaticaERP/Main?ScreenId=ZETA4010&amp;CompanyName=((CompanyName))" LineNbr="1" SortOrder="1" WindowMode="W" IsActive="1" NoteID="8fbe0021-00a0-ed11-926c-60e32b7b1b95">
                            <GINavigationParameter LineNbr="1" FieldName="((CompanyName))" ParameterName="ZetaVARExchangeBuildVersion.companyName" IsExpression="0" />
                        </GINavigationScreen>
                        <GISort LineNbr="2" IsActive="1" DataFieldName="ZetaVARExchangeBuildVersion.tenantname" SortOrder="A" />
                        <GISort LineNbr="1" IsActive="1" DataFieldName="ZetaVARExchangeBuildVersion.companyName" SortOrder="A" />
                        <GITable Alias="ZetaVARExchangeBuildVersion" Name="ZetaVARDataExchange.ZetaVARExchangeBuildVersion">
                            <GIResult LineNbr="16" SortOrder="7" IsActive="1" Field="=switch(LEFT([ZetaVARExchangeBuildVersion.CurrentVersion],4)='20.1',1,LEFT([ZetaVARExchangeBuildVersion.CurrentVersion],4)='20.2',1,1=1,0)" Caption="Obsolete" IsVisible="1" DefaultNav="0" QuickFilter="0" FastFilter="0" RowID="72c2aa3c-8128-4aa9-a047-bb77f0d2e4e8" />
                            <GIResult LineNbr="15" SortOrder="6" IsActive="1" Field="=switch(LEFT([ZetaVARExchangeBuildVersion.CurrentVersion],4)='21.1',1,LEFT([ZetaVARExchangeBuildVersion.CurrentVersion],4)='21.2',1,LEFT([ZetaVARExchangeBuildVersion.CurrentVersion],4)='22.1',1,1=1,0)" Caption="Warning" IsVisible="1" DefaultNav="0" QuickFilter="0" FastFilter="0" RowID="c4dc9379-721d-4428-919f-a149083b872a" />
                            <GIResult LineNbr="14" SortOrder="5" IsActive="1" Field="=switch(LEFT([ZetaVARExchangeBuildVersion.CurrentVersion],4)='20.1','Obsolete',LEFT([ZetaVARExchangeBuildVersion.CurrentVersion],4)='20.2','Obsolete',LEFT([ZetaVARExchangeBuildVersion.CurrentVersion],4)='21.1','Warning',LEFT([ZetaVARExchangeBuildVersion.CurrentVersion],4)='21.2','Warning',LEFT([ZetaVARExchangeBuildVersion.CurrentVersion],4)='22.1','Warning',LEFT([ZetaVARExchangeBuildVersion.CurrentVersion],4)='22.2','Current',1=1,'Ancient')" Caption="Status" IsVisible="1" DefaultNav="0" QuickFilter="0" FastFilter="0" RowID="75b628d6-295e-4dc3-9407-9f925e0a690a" />
                            <GIResult LineNbr="13" SortOrder="4" IsActive="1" Field="=switch(LEFT([ZetaVARExchangeBuildVersion.CurrentVersion],4)='20.1','2020 R1',LEFT([ZetaVARExchangeBuildVersion.CurrentVersion],4)='20.2','2020 R2',LEFT([ZetaVARExchangeBuildVersion.CurrentVersion],4)='21.1','2021 R1',LEFT([ZetaVARExchangeBuildVersion.CurrentVersion],4)='21.2','2021 R2',LEFT([ZetaVARExchangeBuildVersion.CurrentVersion],4)='22.1','2022 R1',LEFT([ZetaVARExchangeBuildVersion.CurrentVersion],4)='22.2','2022 R2',1=1,'Ancient')" Caption="Version" IsVisible="1" DefaultNav="0" QuickFilter="0" FastFilter="0" RowID="f62a0de0-b1a1-448d-97c7-8bc7f3f4b9d8" />
                            <GIResult LineNbr="12" SortOrder="3" IsActive="1" Field="lastUpdateDate" IsVisible="1" DefaultNav="0" QuickFilter="0" FastFilter="0" RowID="eba7e1a7-6b06-400a-80ba-0d342d00a7c1" />
                            <GIResult LineNbr="7" SortOrder="2" IsActive="1" Field="currentVersion" IsVisible="1" DefaultNav="0" QuickFilter="0" FastFilter="0" RowID="be1979d3-e8c1-4f4b-8ab9-bfd2b24fc638" />
                            <GIResult LineNbr="2" SortOrder="1" IsActive="1" Field="companyName" IsVisible="1" DefaultNav="0" NavigationNbr="1" QuickFilter="0" FastFilter="0" RowID="aa45a40f-a37e-42c7-b2e1-a2389330fdf5" />
                        </GITable>
                        <SiteMap linkname="toDesignById">
                            <row Title="VARExchange_BuildVersionDetails" Url="~/GenericInquiry/GenericInquiry.aspx?id=b5643114-6caf-4d4a-bec4-93a97b94de9c" ScreenID="ZETA6002" NodeID="4e218122-4953-49ef-9957-1c9cf5ba7531" ParentID="00000000-0000-0000-0000-000000000000">
                                <FilterHeader FilterID="9fecf406-f69f-ed11-926c-60e32b7b1b95" UserName="admin" ViewName="Results" FilterName="WARNING" IsDefault="0" IsShared="1" IsShortcut="0" IsSystem="0" IsHidden="0" FilterOrder="3">
                                    <FilterRow FilterRowNbr="1" OpenBrackets="0" DataField="ZetaVARExchangeBuildVersion_Formula75b628d6295e4dc394079f925e0a690a" Condition="0" ValueSt="Warning" CloseBrackets="0" Operator="0" IsUsed="1" FilterType="0" />
                                </FilterHeader>
                                <FilterHeader FilterID="d0fd35dd-f59f-ed11-926c-60e32b7b1b95" UserName="admin" ViewName="Results" FilterName="OBSOLETE" IsDefault="0" IsShared="1" IsShortcut="0" IsSystem="0" IsHidden="0" FilterOrder="2">
                                    <FilterRow FilterRowNbr="1" OpenBrackets="0" DataField="ZetaVARExchangeBuildVersion_Formula75b628d6295e4dc394079f925e0a690a" Condition="0" ValueSt="Obsolete" CloseBrackets="0" Operator="0" IsUsed="1" FilterType="0" />
                                </FilterHeader>
                                <MUIScreen IsPortal="0" WorkspaceID="bbbbbbbb-bbbb-bbbb-bbbb-bbbbbbbbbbbb" Order="640382" SubcategoryID="98e86774-69e3-41ea-b94f-eb2c7a8426d4">
                                    <MUIPinnedScreen IsPortal="0" Username="" IsPinned="1" />
                                </MUIScreen>
                            </row>
                        </SiteMap>
                    </row>
                </GIDesign>
                <MUIWorkspace>
                    <row IsPortal="1" WorkspaceID="bbbbbbbb-bbbb-bbbb-bbbb-bbbbbbbbbbbb" Order="5" Title="Data Views" Icon="poll" IsSystem="1">
                        <MUIFavoriteWorkspace IsPortal="0" Username="" IsFavorite="1" />
                    </row>
                    <row IsPortal="0" WorkspaceID="bbbbbbbb-bbbb-bbbb-bbbb-bbbbbbbbbbbb" Order="32" Title="Data Views" Icon="poll" IsSystem="1">
                        <MUIFavoriteWorkspace IsPortal="0" Username="" IsFavorite="1" />
                    </row>
                </MUIWorkspace>
                <MUISubcategory>
                    <row IsPortal="1" SubcategoryID="98e86774-69e3-41ea-b94f-eb2c7a8426d4" Order="896" Name="Inquiries" Icon="" IsSystem="1" />
                    <row IsPortal="0" SubcategoryID="98e86774-69e3-41ea-b94f-eb2c7a8426d4" Order="1554.5" Name="Inquiries" Icon="" IsSystem="1" />
                </MUISubcategory>
            </data>
        </data-set>
    </GenericInquiryScreen>
    <GenericInquiryScreen>
        <data-set>
            <relations format-version="3" relations-version="20220426" main-table="GIDesign" stable-sharing="True" file-name="(Name)">
                <link from="GIFilter (DesignID)" to="GIDesign (DesignID)" />
                <link from="GIGroupBy (DesignID)" to="GIDesign (DesignID)" />
                <link from="GIMassAction (DesignID)" to="GIDesign (DesignID)" />
                <link from="GIMassUpdateField (DesignID)" to="GIDesign (DesignID)" />
                <link from="GINavigationScreen (DesignID)" to="GIDesign (DesignID)" />
                <link from="GINavigationParameter (DesignID, NavigationScreenLineNbr)" to="GINavigationScreen (DesignID, LineNbr)" />
                <link from="GINavigationCondition (DesignID, NavigationScreenLineNbr)" to="GINavigationScreen (DesignID, LineNbr)" />
                <link from="GIOn (DesignID, RelationNbr)" to="GIRelation (DesignID, LineNbr)" />
                <link from="GIRecordDefault (DesignID)" to="GIDesign (DesignID)" />
                <link from="GIRelation (DesignID, ParentTable)" to="GITable (DesignID, Alias)" />
                <link from="GIRelation (DesignID, ChildTable)" to="GITable (DesignID, Alias)" />
                <link from="GIResult (DesignID)" to="GIDesign (DesignID)" />
                <link from="GIResult (ObjectName, DesignID)" to="GITable (Alias, DesignID)" />
                <link from="GISort (DesignID)" to="GIDesign (DesignID)" />
                <link from="GITable (DesignID)" to="GIDesign (DesignID)" />
                <link from="GIWhere (DesignID)" to="GIDesign (DesignID)" />
                <link from="SiteMap (Url)" to="GIDesign (DesignID)" type="WeakByUrl" linkname="toDesignById" baseurl="~/GenericInquiry/GenericInquiry.aspx" paramnames="id" />
                <link from="SiteMap (Url)" to="GIDesign (Name)" type="WeakByUrl" linkname="toDesignByName" baseurl="~/GenericInquiry/GenericInquiry.aspx" />
                <link from="ListEntryPoint (ListScreenID)" to="SiteMap (ScreenID)" />
                <link from="SiteMap (ScreenID)" to="GIDesign (PrimaryScreenIDNew)" linkname="to1Screen" />
                <link from="FilterHeader (ScreenID)" to="SiteMap (ScreenID)" />
                <link from="FilterRow (FilterID)" to="FilterHeader (FilterID)" />
                <link from="PivotTable (NoteID)" to="FilterHeader (RefNoteID)" />
                <link from="PivotField (ScreenID, PivotTableID)" to="PivotTable (ScreenID, PivotTableID)" />
                <link from="MUIScreen (NodeID)" to="SiteMap (NodeID)" />
                <link from="MUIWorkspace (WorkspaceID)" to="MUIScreen (WorkspaceID)" type="FromMaster" linkname="workspaceToScreen" split-location="yes" updateable="True" />
                <link from="MUISubcategory (SubcategoryID)" to="MUIScreen (SubcategoryID)" type="FromMaster" updateable="True" />
                <link from="MUITile (ScreenID)" to="SiteMap (ScreenID)" />
                <link from="MUIWorkspace (WorkspaceID)" to="MUITile (WorkspaceID)" type="FromMaster" linkname="workspaceToTile" split-location="yes" updateable="True" />
                <link from="MUIArea (AreaID)" to="MUIWorkspace (AreaID)" type="FromMaster" updateable="True" />
                <link from="MUIPinnedScreen (NodeID, WorkspaceID)" to="MUIScreen (NodeID, WorkspaceID)" type="WeakIfEmpty" isEmpty="Username" />
                <link from="MUIFavoriteWorkspace (WorkspaceID)" to="MUIWorkspace (WorkspaceID)" type="WeakIfEmpty" isEmpty="Username" />
                <link from="GIDesign (NoteID)" to="Note (NoteID)" type="Note" />
                <link from="GIFilter (NoteID)" to="Note (NoteID)" type="Note" />
                <link from="GIFilter (NoteID)" to="GIFilterKvExt (RecordID)" type="RowKvExt" />
                <link from="GIGroupBy (NoteID)" to="Note (NoteID)" type="Note" />
                <link from="GIOn (NoteID)" to="Note (NoteID)" type="Note" />
                <link from="GIRelation (NoteID)" to="Note (NoteID)" type="Note" />
                <link from="GIResult (NoteID)" to="Note (NoteID)" type="Note" />
                <link from="GIResult (NoteID)" to="GIResultKvExt (RecordID)" type="RowKvExt" />
                <link from="GISort (NoteID)" to="Note (NoteID)" type="Note" />
                <link from="GITable (NoteID)" to="Note (NoteID)" type="Note" />
                <link from="GIWhere (NoteID)" to="Note (NoteID)" type="Note" />
                <link from="FilterHeader (NoteID)" to="Note (NoteID)" type="Note" />
                <link from="FilterHeader (NoteID)" to="FilterHeaderKvExt (RecordID)" type="RowKvExt" />
            </relations>
            <layout>
                <table name="GIDesign">
                    <table name="GIFilter" uplink="(DesignID) = (DesignID)">
                        <table name="Note" uplink="(NoteID) = (NoteID)" />
                        <table name="GIFilterKvExt" uplink="(NoteID) = (RecordID)" />
                    </table>
                    <table name="GIGroupBy" uplink="(DesignID) = (DesignID)">
                        <table name="Note" uplink="(NoteID) = (NoteID)" />
                    </table>
                    <table name="GIMassAction" uplink="(DesignID) = (DesignID)" />
                    <table name="GIMassUpdateField" uplink="(DesignID) = (DesignID)" />
                    <table name="GINavigationScreen" uplink="(DesignID) = (DesignID)">
                        <table name="GINavigationParameter" uplink="(DesignID, LineNbr) = (DesignID, NavigationScreenLineNbr)" />
                        <table name="GINavigationCondition" uplink="(DesignID, LineNbr) = (DesignID, NavigationScreenLineNbr)" />
                    </table>
                    <table name="GIRecordDefault" uplink="(DesignID) = (DesignID)" />
                    <table name="GISort" uplink="(DesignID) = (DesignID)">
                        <table name="Note" uplink="(NoteID) = (NoteID)" />
                    </table>
                    <table name="GITable" uplink="(DesignID) = (DesignID)">
                        <table name="GIRelation" uplink="(DesignID, Alias) = (DesignID, ParentTable)">
                            <table name="GIOn" uplink="(DesignID, LineNbr) = (DesignID, RelationNbr)">
                                <table name="Note" uplink="(NoteID) = (NoteID)" />
                            </table>
                            <table name="Note" uplink="(NoteID) = (NoteID)" />
                        </table>
                        <table name="GIResult" uplink="(Alias, DesignID) = (ObjectName, DesignID)">
                            <table name="Note" uplink="(NoteID) = (NoteID)" />
                            <table name="GIResultKvExt" uplink="(NoteID) = (RecordID)" />
                        </table>
                        <table name="Note" uplink="(NoteID) = (NoteID)" />
                    </table>
                    <table name="GIWhere" uplink="(DesignID) = (DesignID)">
                        <table name="Note" uplink="(NoteID) = (NoteID)" />
                    </table>
                    <table name="SiteMap" uplink="(DesignID) = (Url)" linkname="toDesignById">
                        <table name="ListEntryPoint" uplink="(ScreenID) = (ListScreenID)" />
                        <table name="FilterHeader" uplink="(ScreenID) = (ScreenID)">
                            <table name="FilterRow" uplink="(FilterID) = (FilterID)" />
                            <table name="PivotTable" uplink="(RefNoteID) = (NoteID)">
                                <table name="PivotField" uplink="(ScreenID, PivotTableID) = (ScreenID, PivotTableID)" />
                            </table>
                            <table name="Note" uplink="(NoteID) = (NoteID)" />
                            <table name="FilterHeaderKvExt" uplink="(NoteID) = (RecordID)" />
                        </table>
                        <table name="MUIScreen" uplink="(NodeID) = (NodeID)">
                            <table name="MUIPinnedScreen" uplink="(NodeID, WorkspaceID) = (NodeID, WorkspaceID)" />
                        </table>
                        <table name="MUITile" uplink="(ScreenID) = (ScreenID)" />
                    </table>
                    <table name="SiteMap" uplink="(Name) = (Url)" linkname="toDesignByName">
                        <table name="ListEntryPoint" uplink="(ScreenID) = (ListScreenID)" />
                        <table name="FilterHeader" uplink="(ScreenID) = (ScreenID)">
                            <table name="FilterRow" uplink="(FilterID) = (FilterID)" />
                            <table name="PivotTable" uplink="(RefNoteID) = (NoteID)">
                                <table name="PivotField" uplink="(ScreenID, PivotTableID) = (ScreenID, PivotTableID)" />
                            </table>
                            <table name="Note" uplink="(NoteID) = (NoteID)" />
                            <table name="FilterHeaderKvExt" uplink="(NoteID) = (RecordID)" />
                        </table>
                        <table name="MUIScreen" uplink="(NodeID) = (NodeID)">
                            <table name="MUIPinnedScreen" uplink="(NodeID, WorkspaceID) = (NodeID, WorkspaceID)" />
                        </table>
                        <table name="MUITile" uplink="(ScreenID) = (ScreenID)" />
                    </table>
                    <table name="SiteMap" uplink="(PrimaryScreenIDNew) = (ScreenID)" linkname="to1Screen">
                        <table name="ListEntryPoint" uplink="(ScreenID) = (ListScreenID)" />
                        <table name="FilterHeader" uplink="(ScreenID) = (ScreenID)">
                            <table name="FilterRow" uplink="(FilterID) = (FilterID)" />
                            <table name="PivotTable" uplink="(RefNoteID) = (NoteID)">
                                <table name="PivotField" uplink="(ScreenID, PivotTableID) = (ScreenID, PivotTableID)" />
                            </table>
                            <table name="Note" uplink="(NoteID) = (NoteID)" />
                            <table name="FilterHeaderKvExt" uplink="(NoteID) = (RecordID)" />
                        </table>
                        <table name="MUIScreen" uplink="(NodeID) = (NodeID)">
                            <table name="MUIPinnedScreen" uplink="(NodeID, WorkspaceID) = (NodeID, WorkspaceID)" />
                        </table>
                        <table name="MUITile" uplink="(ScreenID) = (ScreenID)" />
                    </table>
                    <table name="Note" uplink="(NoteID) = (NoteID)" />
                </table>
                <table name="MUIWorkspace">
                    <table name="MUIFavoriteWorkspace" uplink="(WorkspaceID) = (WorkspaceID)" />
                </table>
                <table name="MUISubcategory" />
                <table name="MUIArea" />
            </layout>
            <data>
                <GIDesign>
                    <row DesignID="cca4c568-3191-4b66-8640-1a48bfed2b7f" Name="VARExchange_CustomizationPackages" FilterColCount="3" PageSize="0" ExportTop="0" NewRecordCreationEnabled="0" MassDeleteEnabled="0" AutoConfirmDelete="0" MassRecordsUpdateEnabled="0" MassActionsOnRecordsEnabled="0" ExposeViaOData="1" ExposeViaMobile="0" ShowDeletedRecords="0" NotesAndFilesTable="$&lt;None&gt;">
                        <GIGroupBy LineNbr="1" IsActive="1" DataFieldName="ZetaVARExchangePackages.companyName" />
                        <GINavigationScreen Link="http://localhost/AcumaticaERP/Main?ScreenId=ZETA4010&amp;CompanyName=((CompanyName))" LineNbr="1" SortOrder="1" WindowMode="W" IsActive="1" NoteID="75146d2a-01a0-ed11-926c-60e32b7b1b95">
                            <GINavigationParameter LineNbr="1" FieldName="((CompanyName))" ParameterName="ZetaVARExchangePackages.companyName" IsExpression="0" />
                        </GINavigationScreen>
                        <GITable Alias="ZetaVARExchangePackages" Name="ZetaVARDataExchange.ZetaVARExchangePackages">
                            <GIResult LineNbr="3" SortOrder="3" IsActive="1" Field="=IIF([ZetaVARExchangePackages.Published]=0,1,0)" Caption="UnPublished" IsVisible="1" DefaultNav="0" AggregateFunction="SUM" QuickFilter="0" FastFilter="0" RowID="02bead7a-bc3d-4d60-b1bd-cd75cbb3a5d4" />
                            <GIResult LineNbr="2" SortOrder="2" IsActive="1" Field="=IIF([ZetaVARExchangePackages.Published]=1,1,0)" Caption="Published" IsVisible="1" DefaultNav="0" AggregateFunction="SUM" QuickFilter="0" FastFilter="0" RowID="e27d0e6b-be0e-4c3f-960e-b2920c224967" />
                            <GIResult LineNbr="1" SortOrder="1" IsActive="1" Field="companyName" IsVisible="1" DefaultNav="0" NavigationNbr="1" QuickFilter="0" FastFilter="0" RowID="f64a8c8e-51c2-4353-b672-c1ca75785a57" />
                        </GITable>
                        <SiteMap linkname="toDesignById">
                            <row Title="VARExchange_CustomizationPackages" Url="~/GenericInquiry/GenericInquiry.aspx?id=cca4c568-3191-4b66-8640-1a48bfed2b7f" ScreenID="GI640594" NodeID="c295d3e8-2c10-4449-8c91-7f3c914befec" ParentID="00000000-0000-0000-0000-000000000000">
                                <MUIScreen IsPortal="0" WorkspaceID="bbbbbbbb-bbbb-bbbb-bbbb-bbbbbbbbbbbb" Order="640492" SubcategoryID="98e86774-69e3-41ea-b94f-eb2c7a8426d4">
                                    <MUIPinnedScreen IsPortal="0" Username="" IsPinned="1" />
                                </MUIScreen>
                            </row>
                        </SiteMap>
                    </row>
                </GIDesign>
                <MUIWorkspace>
                    <row IsPortal="1" WorkspaceID="bbbbbbbb-bbbb-bbbb-bbbb-bbbbbbbbbbbb" Order="5" Title="Data Views" Icon="poll" IsSystem="1">
                        <MUIFavoriteWorkspace IsPortal="0" Username="" IsFavorite="1" />
                    </row>
                    <row IsPortal="0" WorkspaceID="bbbbbbbb-bbbb-bbbb-bbbb-bbbbbbbbbbbb" Order="32" Title="Data Views" Icon="poll" IsSystem="1">
                        <MUIFavoriteWorkspace IsPortal="0" Username="" IsFavorite="1" />
                    </row>
                </MUIWorkspace>
                <MUISubcategory>
                    <row IsPortal="1" SubcategoryID="98e86774-69e3-41ea-b94f-eb2c7a8426d4" Order="896" Name="Inquiries" Icon="" IsSystem="1" />
                    <row IsPortal="0" SubcategoryID="98e86774-69e3-41ea-b94f-eb2c7a8426d4" Order="1554.5" Name="Inquiries" Icon="" IsSystem="1" />
                </MUISubcategory>
            </data>
        </data-set>
    </GenericInquiryScreen>
    <GenericInquiryScreen>
        <data-set>
            <relations format-version="3" relations-version="20220426" main-table="GIDesign" stable-sharing="True" file-name="(Name)">
                <link from="GIFilter (DesignID)" to="GIDesign (DesignID)" />
                <link from="GIGroupBy (DesignID)" to="GIDesign (DesignID)" />
                <link from="GIMassAction (DesignID)" to="GIDesign (DesignID)" />
                <link from="GIMassUpdateField (DesignID)" to="GIDesign (DesignID)" />
                <link from="GINavigationScreen (DesignID)" to="GIDesign (DesignID)" />
                <link from="GINavigationParameter (DesignID, NavigationScreenLineNbr)" to="GINavigationScreen (DesignID, LineNbr)" />
                <link from="GINavigationCondition (DesignID, NavigationScreenLineNbr)" to="GINavigationScreen (DesignID, LineNbr)" />
                <link from="GIOn (DesignID, RelationNbr)" to="GIRelation (DesignID, LineNbr)" />
                <link from="GIRecordDefault (DesignID)" to="GIDesign (DesignID)" />
                <link from="GIRelation (DesignID, ParentTable)" to="GITable (DesignID, Alias)" />
                <link from="GIRelation (DesignID, ChildTable)" to="GITable (DesignID, Alias)" />
                <link from="GIResult (DesignID)" to="GIDesign (DesignID)" />
                <link from="GIResult (ObjectName, DesignID)" to="GITable (Alias, DesignID)" />
                <link from="GISort (DesignID)" to="GIDesign (DesignID)" />
                <link from="GITable (DesignID)" to="GIDesign (DesignID)" />
                <link from="GIWhere (DesignID)" to="GIDesign (DesignID)" />
                <link from="SiteMap (Url)" to="GIDesign (DesignID)" type="WeakByUrl" linkname="toDesignById" baseurl="~/GenericInquiry/GenericInquiry.aspx" paramnames="id" />
                <link from="SiteMap (Url)" to="GIDesign (Name)" type="WeakByUrl" linkname="toDesignByName" baseurl="~/GenericInquiry/GenericInquiry.aspx" />
                <link from="ListEntryPoint (ListScreenID)" to="SiteMap (ScreenID)" />
                <link from="SiteMap (ScreenID)" to="GIDesign (PrimaryScreenIDNew)" linkname="to1Screen" />
                <link from="FilterHeader (ScreenID)" to="SiteMap (ScreenID)" />
                <link from="FilterRow (FilterID)" to="FilterHeader (FilterID)" />
                <link from="PivotTable (NoteID)" to="FilterHeader (RefNoteID)" />
                <link from="PivotField (ScreenID, PivotTableID)" to="PivotTable (ScreenID, PivotTableID)" />
                <link from="MUIScreen (NodeID)" to="SiteMap (NodeID)" />
                <link from="MUIWorkspace (WorkspaceID)" to="MUIScreen (WorkspaceID)" type="FromMaster" linkname="workspaceToScreen" split-location="yes" updateable="True" />
                <link from="MUISubcategory (SubcategoryID)" to="MUIScreen (SubcategoryID)" type="FromMaster" updateable="True" />
                <link from="MUITile (ScreenID)" to="SiteMap (ScreenID)" />
                <link from="MUIWorkspace (WorkspaceID)" to="MUITile (WorkspaceID)" type="FromMaster" linkname="workspaceToTile" split-location="yes" updateable="True" />
                <link from="MUIArea (AreaID)" to="MUIWorkspace (AreaID)" type="FromMaster" updateable="True" />
                <link from="MUIPinnedScreen (NodeID, WorkspaceID)" to="MUIScreen (NodeID, WorkspaceID)" type="WeakIfEmpty" isEmpty="Username" />
                <link from="MUIFavoriteWorkspace (WorkspaceID)" to="MUIWorkspace (WorkspaceID)" type="WeakIfEmpty" isEmpty="Username" />
                <link from="GIDesign (NoteID)" to="Note (NoteID)" type="Note" />
                <link from="GIFilter (NoteID)" to="Note (NoteID)" type="Note" />
                <link from="GIFilter (NoteID)" to="GIFilterKvExt (RecordID)" type="RowKvExt" />
                <link from="GIGroupBy (NoteID)" to="Note (NoteID)" type="Note" />
                <link from="GIOn (NoteID)" to="Note (NoteID)" type="Note" />
                <link from="GIRelation (NoteID)" to="Note (NoteID)" type="Note" />
                <link from="GIResult (NoteID)" to="Note (NoteID)" type="Note" />
                <link from="GIResult (NoteID)" to="GIResultKvExt (RecordID)" type="RowKvExt" />
                <link from="GISort (NoteID)" to="Note (NoteID)" type="Note" />
                <link from="GITable (NoteID)" to="Note (NoteID)" type="Note" />
                <link from="GIWhere (NoteID)" to="Note (NoteID)" type="Note" />
                <link from="FilterHeader (NoteID)" to="Note (NoteID)" type="Note" />
                <link from="FilterHeader (NoteID)" to="FilterHeaderKvExt (RecordID)" type="RowKvExt" />
            </relations>
            <layout>
                <table name="GIDesign">
                    <table name="GIFilter" uplink="(DesignID) = (DesignID)">
                        <table name="Note" uplink="(NoteID) = (NoteID)" />
                        <table name="GIFilterKvExt" uplink="(NoteID) = (RecordID)" />
                    </table>
                    <table name="GIGroupBy" uplink="(DesignID) = (DesignID)">
                        <table name="Note" uplink="(NoteID) = (NoteID)" />
                    </table>
                    <table name="GIMassAction" uplink="(DesignID) = (DesignID)" />
                    <table name="GIMassUpdateField" uplink="(DesignID) = (DesignID)" />
                    <table name="GINavigationScreen" uplink="(DesignID) = (DesignID)">
                        <table name="GINavigationParameter" uplink="(DesignID, LineNbr) = (DesignID, NavigationScreenLineNbr)" />
                        <table name="GINavigationCondition" uplink="(DesignID, LineNbr) = (DesignID, NavigationScreenLineNbr)" />
                    </table>
                    <table name="GIRecordDefault" uplink="(DesignID) = (DesignID)" />
                    <table name="GISort" uplink="(DesignID) = (DesignID)">
                        <table name="Note" uplink="(NoteID) = (NoteID)" />
                    </table>
                    <table name="GITable" uplink="(DesignID) = (DesignID)">
                        <table name="GIRelation" uplink="(DesignID, Alias) = (DesignID, ParentTable)">
                            <table name="GIOn" uplink="(DesignID, LineNbr) = (DesignID, RelationNbr)">
                                <table name="Note" uplink="(NoteID) = (NoteID)" />
                            </table>
                            <table name="Note" uplink="(NoteID) = (NoteID)" />
                        </table>
                        <table name="GIResult" uplink="(Alias, DesignID) = (ObjectName, DesignID)">
                            <table name="Note" uplink="(NoteID) = (NoteID)" />
                            <table name="GIResultKvExt" uplink="(NoteID) = (RecordID)" />
                        </table>
                        <table name="Note" uplink="(NoteID) = (NoteID)" />
                    </table>
                    <table name="GIWhere" uplink="(DesignID) = (DesignID)">
                        <table name="Note" uplink="(NoteID) = (NoteID)" />
                    </table>
                    <table name="SiteMap" uplink="(DesignID) = (Url)" linkname="toDesignById">
                        <table name="ListEntryPoint" uplink="(ScreenID) = (ListScreenID)" />
                        <table name="FilterHeader" uplink="(ScreenID) = (ScreenID)">
                            <table name="FilterRow" uplink="(FilterID) = (FilterID)" />
                            <table name="PivotTable" uplink="(RefNoteID) = (NoteID)">
                                <table name="PivotField" uplink="(ScreenID, PivotTableID) = (ScreenID, PivotTableID)" />
                            </table>
                            <table name="Note" uplink="(NoteID) = (NoteID)" />
                            <table name="FilterHeaderKvExt" uplink="(NoteID) = (RecordID)" />
                        </table>
                        <table name="MUIScreen" uplink="(NodeID) = (NodeID)">
                            <table name="MUIPinnedScreen" uplink="(NodeID, WorkspaceID) = (NodeID, WorkspaceID)" />
                        </table>
                        <table name="MUITile" uplink="(ScreenID) = (ScreenID)" />
                    </table>
                    <table name="SiteMap" uplink="(Name) = (Url)" linkname="toDesignByName">
                        <table name="ListEntryPoint" uplink="(ScreenID) = (ListScreenID)" />
                        <table name="FilterHeader" uplink="(ScreenID) = (ScreenID)">
                            <table name="FilterRow" uplink="(FilterID) = (FilterID)" />
                            <table name="PivotTable" uplink="(RefNoteID) = (NoteID)">
                                <table name="PivotField" uplink="(ScreenID, PivotTableID) = (ScreenID, PivotTableID)" />
                            </table>
                            <table name="Note" uplink="(NoteID) = (NoteID)" />
                            <table name="FilterHeaderKvExt" uplink="(NoteID) = (RecordID)" />
                        </table>
                        <table name="MUIScreen" uplink="(NodeID) = (NodeID)">
                            <table name="MUIPinnedScreen" uplink="(NodeID, WorkspaceID) = (NodeID, WorkspaceID)" />
                        </table>
                        <table name="MUITile" uplink="(ScreenID) = (ScreenID)" />
                    </table>
                    <table name="SiteMap" uplink="(PrimaryScreenIDNew) = (ScreenID)" linkname="to1Screen">
                        <table name="ListEntryPoint" uplink="(ScreenID) = (ListScreenID)" />
                        <table name="FilterHeader" uplink="(ScreenID) = (ScreenID)">
                            <table name="FilterRow" uplink="(FilterID) = (FilterID)" />
                            <table name="PivotTable" uplink="(RefNoteID) = (NoteID)">
                                <table name="PivotField" uplink="(ScreenID, PivotTableID) = (ScreenID, PivotTableID)" />
                            </table>
                            <table name="Note" uplink="(NoteID) = (NoteID)" />
                            <table name="FilterHeaderKvExt" uplink="(NoteID) = (RecordID)" />
                        </table>
                        <table name="MUIScreen" uplink="(NodeID) = (NodeID)">
                            <table name="MUIPinnedScreen" uplink="(NodeID, WorkspaceID) = (NodeID, WorkspaceID)" />
                        </table>
                        <table name="MUITile" uplink="(ScreenID) = (ScreenID)" />
                    </table>
                    <table name="Note" uplink="(NoteID) = (NoteID)" />
                </table>
                <table name="MUIWorkspace">
                    <table name="MUIFavoriteWorkspace" uplink="(WorkspaceID) = (WorkspaceID)" />
                </table>
                <table name="MUISubcategory" />
                <table name="MUIArea" />
            </layout>
            <data>
                <GIDesign>
                    <row DesignID="f511a76f-ee74-4363-b915-1424251ef799" Name="VARExchange_FinPeriods" FilterColCount="3" PageSize="0" ExportTop="0" NewRecordCreationEnabled="0" MassDeleteEnabled="0" AutoConfirmDelete="0" MassRecordsUpdateEnabled="0" MassActionsOnRecordsEnabled="0" ExposeViaOData="1" ExposeViaMobile="0" ShowDeletedRecords="0" NotesAndFilesTable="$&lt;None&gt;">
                        <GIGroupBy LineNbr="1" IsActive="1" DataFieldName="ZetaVARExchangeFinPeriods.companyName" />
                        <GISort LineNbr="1" IsActive="1" DataFieldName="ZetaVARExchangeFinPeriods.companyName" SortOrder="A" />
                        <GITable Alias="ZetaVARExchangeFinPeriods" Name="ZetaVARDataExchange.ZetaVARExchangeFinPeriods">
                            <GIResult LineNbr="7" SortOrder="4" IsActive="1" Field="=IIF([ZetaVARExchangeFinPeriods.ClosedInAR]=False,[ZetaVARExchangeFinPeriods.FinancialPeriod],'999999')" Caption="AR" IsVisible="1" DefaultNav="0" AggregateFunction="MIN" QuickFilter="0" FastFilter="0" RowID="47164af5-4db7-45d5-8fa6-04adfcc68185" />
                            <GIResult LineNbr="6" SortOrder="3" IsActive="1" Field="=IIF([ZetaVARExchangeFinPeriods.ClosedInAP]=False,[ZetaVARExchangeFinPeriods.FinancialPeriod],'999999')" Caption="AP" IsVisible="1" DefaultNav="0" AggregateFunction="MIN" QuickFilter="0" FastFilter="0" RowID="6bf95e6a-55f0-4cc0-99e0-52d307bd28a5" />
                            <GIResult LineNbr="5" SortOrder="2" IsActive="1" Field="=IIF([ZetaVARExchangeFinPeriods.ClosedInGL]=False,[ZetaVARExchangeFinPeriods.FinancialPeriod],'999999')" Caption="GL" IsVisible="1" DefaultNav="0" AggregateFunction="MIN" QuickFilter="0" FastFilter="0" RowID="add0d124-bfd8-425d-af47-816997e378fa" />
                            <GIResult LineNbr="2" SortOrder="1" IsActive="1" Field="companyName" IsVisible="1" DefaultNav="1" QuickFilter="0" FastFilter="0" RowID="8bc665ce-6db2-4cfb-8a97-643f495b4f2b" />
                        </GITable>
                        <GIWhere LineNbr="4" IsActive="1" DataFieldName="ZetaVARExchangeFinPeriods.closedInAR" Condition="E" IsExpression="1" Value1="False" Value2="False" CloseBrackets=")" Operation="A" />
                        <GIWhere LineNbr="3" IsActive="1" DataFieldName="ZetaVARExchangeFinPeriods.closedInAP" Condition="E" IsExpression="1" Value1="False" Value2="False" Operation="O" />
                        <GIWhere LineNbr="2" IsActive="1" OpenBrackets="(" DataFieldName="ZetaVARExchangeFinPeriods.closedInGL" Condition="E" IsExpression="1" Value1="False" Value2="False" Operation="O" />
                        <SiteMap linkname="toDesignById">
                            <row Title="VARExchange_FinPeriods" Url="~/GenericInquiry/GenericInquiry.aspx?id=f511a76f-ee74-4363-b915-1424251ef799" ScreenID="GI640595" NodeID="637d628a-bc0a-4195-93d1-218008ff7ee3" ParentID="00000000-0000-0000-0000-000000000000">
                                <MUIScreen IsPortal="0" WorkspaceID="de7f064d-8709-4383-bf52-3b98f31c2c78" Order="20" SubcategoryID="98e86774-69e3-41ea-b94f-eb2c7a8426d4">
                                    <MUIPinnedScreen IsPortal="0" Username="" IsPinned="1" />
                                </MUIScreen>
                            </row>
                        </SiteMap>
                    </row>
                </GIDesign>
                <MUIWorkspace>
                    <row IsPortal="0" WorkspaceID="de7f064d-8709-4383-bf52-3b98f31c2c78" Order="38" Title="HMS VARBoard" Icon="sync" IsSystem="0" />
                </MUIWorkspace>
                <MUISubcategory>
                    <row IsPortal="1" SubcategoryID="98e86774-69e3-41ea-b94f-eb2c7a8426d4" Order="896" Name="Inquiries" Icon="" IsSystem="1" />
                    <row IsPortal="0" SubcategoryID="98e86774-69e3-41ea-b94f-eb2c7a8426d4" Order="1554.5" Name="Inquiries" Icon="" IsSystem="1" />
                </MUISubcategory>
            </data>
        </data-set>
    </GenericInquiryScreen>
    <GenericInquiryScreen>
        <data-set>
            <relations format-version="3" relations-version="20220426" main-table="GIDesign" stable-sharing="True" file-name="(Name)">
                <link from="GIFilter (DesignID)" to="GIDesign (DesignID)" />
                <link from="GIGroupBy (DesignID)" to="GIDesign (DesignID)" />
                <link from="GIMassAction (DesignID)" to="GIDesign (DesignID)" />
                <link from="GIMassUpdateField (DesignID)" to="GIDesign (DesignID)" />
                <link from="GINavigationScreen (DesignID)" to="GIDesign (DesignID)" />
                <link from="GINavigationParameter (DesignID, NavigationScreenLineNbr)" to="GINavigationScreen (DesignID, LineNbr)" />
                <link from="GINavigationCondition (DesignID, NavigationScreenLineNbr)" to="GINavigationScreen (DesignID, LineNbr)" />
                <link from="GIOn (DesignID, RelationNbr)" to="GIRelation (DesignID, LineNbr)" />
                <link from="GIRecordDefault (DesignID)" to="GIDesign (DesignID)" />
                <link from="GIRelation (DesignID, ParentTable)" to="GITable (DesignID, Alias)" />
                <link from="GIRelation (DesignID, ChildTable)" to="GITable (DesignID, Alias)" />
                <link from="GIResult (DesignID)" to="GIDesign (DesignID)" />
                <link from="GIResult (ObjectName, DesignID)" to="GITable (Alias, DesignID)" />
                <link from="GISort (DesignID)" to="GIDesign (DesignID)" />
                <link from="GITable (DesignID)" to="GIDesign (DesignID)" />
                <link from="GIWhere (DesignID)" to="GIDesign (DesignID)" />
                <link from="SiteMap (Url)" to="GIDesign (DesignID)" type="WeakByUrl" linkname="toDesignById" baseurl="~/GenericInquiry/GenericInquiry.aspx" paramnames="id" />
                <link from="SiteMap (Url)" to="GIDesign (Name)" type="WeakByUrl" linkname="toDesignByName" baseurl="~/GenericInquiry/GenericInquiry.aspx" />
                <link from="ListEntryPoint (ListScreenID)" to="SiteMap (ScreenID)" />
                <link from="SiteMap (ScreenID)" to="GIDesign (PrimaryScreenIDNew)" linkname="to1Screen" />
                <link from="FilterHeader (ScreenID)" to="SiteMap (ScreenID)" />
                <link from="FilterRow (FilterID)" to="FilterHeader (FilterID)" />
                <link from="PivotTable (NoteID)" to="FilterHeader (RefNoteID)" />
                <link from="PivotField (ScreenID, PivotTableID)" to="PivotTable (ScreenID, PivotTableID)" />
                <link from="MUIScreen (NodeID)" to="SiteMap (NodeID)" />
                <link from="MUIWorkspace (WorkspaceID)" to="MUIScreen (WorkspaceID)" type="FromMaster" linkname="workspaceToScreen" split-location="yes" updateable="True" />
                <link from="MUISubcategory (SubcategoryID)" to="MUIScreen (SubcategoryID)" type="FromMaster" updateable="True" />
                <link from="MUITile (ScreenID)" to="SiteMap (ScreenID)" />
                <link from="MUIWorkspace (WorkspaceID)" to="MUITile (WorkspaceID)" type="FromMaster" linkname="workspaceToTile" split-location="yes" updateable="True" />
                <link from="MUIArea (AreaID)" to="MUIWorkspace (AreaID)" type="FromMaster" updateable="True" />
                <link from="MUIPinnedScreen (NodeID, WorkspaceID)" to="MUIScreen (NodeID, WorkspaceID)" type="WeakIfEmpty" isEmpty="Username" />
                <link from="MUIFavoriteWorkspace (WorkspaceID)" to="MUIWorkspace (WorkspaceID)" type="WeakIfEmpty" isEmpty="Username" />
                <link from="GIDesign (NoteID)" to="Note (NoteID)" type="Note" />
                <link from="GIFilter (NoteID)" to="Note (NoteID)" type="Note" />
                <link from="GIFilter (NoteID)" to="GIFilterKvExt (RecordID)" type="RowKvExt" />
                <link from="GIGroupBy (NoteID)" to="Note (NoteID)" type="Note" />
                <link from="GIOn (NoteID)" to="Note (NoteID)" type="Note" />
                <link from="GIRelation (NoteID)" to="Note (NoteID)" type="Note" />
                <link from="GIResult (NoteID)" to="Note (NoteID)" type="Note" />
                <link from="GIResult (NoteID)" to="GIResultKvExt (RecordID)" type="RowKvExt" />
                <link from="GISort (NoteID)" to="Note (NoteID)" type="Note" />
                <link from="GITable (NoteID)" to="Note (NoteID)" type="Note" />
                <link from="GIWhere (NoteID)" to="Note (NoteID)" type="Note" />
                <link from="FilterHeader (NoteID)" to="Note (NoteID)" type="Note" />
                <link from="FilterHeader (NoteID)" to="FilterHeaderKvExt (RecordID)" type="RowKvExt" />
            </relations>
            <layout>
                <table name="GIDesign">
                    <table name="GIFilter" uplink="(DesignID) = (DesignID)">
                        <table name="Note" uplink="(NoteID) = (NoteID)" />
                        <table name="GIFilterKvExt" uplink="(NoteID) = (RecordID)" />
                    </table>
                    <table name="GIGroupBy" uplink="(DesignID) = (DesignID)">
                        <table name="Note" uplink="(NoteID) = (NoteID)" />
                    </table>
                    <table name="GIMassAction" uplink="(DesignID) = (DesignID)" />
                    <table name="GIMassUpdateField" uplink="(DesignID) = (DesignID)" />
                    <table name="GINavigationScreen" uplink="(DesignID) = (DesignID)">
                        <table name="GINavigationParameter" uplink="(DesignID, LineNbr) = (DesignID, NavigationScreenLineNbr)" />
                        <table name="GINavigationCondition" uplink="(DesignID, LineNbr) = (DesignID, NavigationScreenLineNbr)" />
                    </table>
                    <table name="GIRecordDefault" uplink="(DesignID) = (DesignID)" />
                    <table name="GISort" uplink="(DesignID) = (DesignID)">
                        <table name="Note" uplink="(NoteID) = (NoteID)" />
                    </table>
                    <table name="GITable" uplink="(DesignID) = (DesignID)">
                        <table name="GIRelation" uplink="(DesignID, Alias) = (DesignID, ParentTable)">
                            <table name="GIOn" uplink="(DesignID, LineNbr) = (DesignID, RelationNbr)">
                                <table name="Note" uplink="(NoteID) = (NoteID)" />
                            </table>
                            <table name="Note" uplink="(NoteID) = (NoteID)" />
                        </table>
                        <table name="GIResult" uplink="(Alias, DesignID) = (ObjectName, DesignID)">
                            <table name="Note" uplink="(NoteID) = (NoteID)" />
                            <table name="GIResultKvExt" uplink="(NoteID) = (RecordID)" />
                        </table>
                        <table name="Note" uplink="(NoteID) = (NoteID)" />
                    </table>
                    <table name="GIWhere" uplink="(DesignID) = (DesignID)">
                        <table name="Note" uplink="(NoteID) = (NoteID)" />
                    </table>
                    <table name="SiteMap" uplink="(DesignID) = (Url)" linkname="toDesignById">
                        <table name="ListEntryPoint" uplink="(ScreenID) = (ListScreenID)" />
                        <table name="FilterHeader" uplink="(ScreenID) = (ScreenID)">
                            <table name="FilterRow" uplink="(FilterID) = (FilterID)" />
                            <table name="PivotTable" uplink="(RefNoteID) = (NoteID)">
                                <table name="PivotField" uplink="(ScreenID, PivotTableID) = (ScreenID, PivotTableID)" />
                            </table>
                            <table name="Note" uplink="(NoteID) = (NoteID)" />
                            <table name="FilterHeaderKvExt" uplink="(NoteID) = (RecordID)" />
                        </table>
                        <table name="MUIScreen" uplink="(NodeID) = (NodeID)">
                            <table name="MUIPinnedScreen" uplink="(NodeID, WorkspaceID) = (NodeID, WorkspaceID)" />
                        </table>
                        <table name="MUITile" uplink="(ScreenID) = (ScreenID)" />
                    </table>
                    <table name="SiteMap" uplink="(Name) = (Url)" linkname="toDesignByName">
                        <table name="ListEntryPoint" uplink="(ScreenID) = (ListScreenID)" />
                        <table name="FilterHeader" uplink="(ScreenID) = (ScreenID)">
                            <table name="FilterRow" uplink="(FilterID) = (FilterID)" />
                            <table name="PivotTable" uplink="(RefNoteID) = (NoteID)">
                                <table name="PivotField" uplink="(ScreenID, PivotTableID) = (ScreenID, PivotTableID)" />
                            </table>
                            <table name="Note" uplink="(NoteID) = (NoteID)" />
                            <table name="FilterHeaderKvExt" uplink="(NoteID) = (RecordID)" />
                        </table>
                        <table name="MUIScreen" uplink="(NodeID) = (NodeID)">
                            <table name="MUIPinnedScreen" uplink="(NodeID, WorkspaceID) = (NodeID, WorkspaceID)" />
                        </table>
                        <table name="MUITile" uplink="(ScreenID) = (ScreenID)" />
                    </table>
                    <table name="SiteMap" uplink="(PrimaryScreenIDNew) = (ScreenID)" linkname="to1Screen">
                        <table name="ListEntryPoint" uplink="(ScreenID) = (ListScreenID)" />
                        <table name="FilterHeader" uplink="(ScreenID) = (ScreenID)">
                            <table name="FilterRow" uplink="(FilterID) = (FilterID)" />
                            <table name="PivotTable" uplink="(RefNoteID) = (NoteID)">
                                <table name="PivotField" uplink="(ScreenID, PivotTableID) = (ScreenID, PivotTableID)" />
                            </table>
                            <table name="Note" uplink="(NoteID) = (NoteID)" />
                            <table name="FilterHeaderKvExt" uplink="(NoteID) = (RecordID)" />
                        </table>
                        <table name="MUIScreen" uplink="(NodeID) = (NodeID)">
                            <table name="MUIPinnedScreen" uplink="(NodeID, WorkspaceID) = (NodeID, WorkspaceID)" />
                        </table>
                        <table name="MUITile" uplink="(ScreenID) = (ScreenID)" />
                    </table>
                    <table name="Note" uplink="(NoteID) = (NoteID)" />
                </table>
                <table name="MUIWorkspace">
                    <table name="MUIFavoriteWorkspace" uplink="(WorkspaceID) = (WorkspaceID)" />
                </table>
                <table name="MUISubcategory" />
                <table name="MUIArea" />
            </layout>
            <data>
                <GIDesign>
                    <row DesignID="c82b79b1-ad61-4d80-a055-f0538b964030" Name="VARExchange_LicenseDetails" FilterColCount="3" PageSize="0" ExportTop="0" NewRecordCreationEnabled="0" MassDeleteEnabled="0" AutoConfirmDelete="0" MassRecordsUpdateEnabled="0" MassActionsOnRecordsEnabled="0" ExposeViaOData="0" ExposeViaMobile="0" RowStyleFormula="=IIF([ZetaVARExchangeLicenseData.LicenseStatus]='Valid','default','red20')" ShowDeletedRecords="0" NotesAndFilesTable="$&lt;None&gt;">
                        <GINavigationScreen Link="http://localhost/AcumaticaERP/Main?ScreenId=ZETA4010&amp;CompanyName=((CompanyName))" LineNbr="1" SortOrder="1" WindowMode="W" IsActive="1" NoteID="e29f2144-01a0-ed11-926c-60e32b7b1b95">
                            <GINavigationParameter LineNbr="1" FieldName="((CompanyName))" ParameterName="ZetaVARExchangeLicenseData.companyName" IsExpression="0" />
                        </GINavigationScreen>
                        <GITable Alias="ZetaVARExchangeLicenseData" Name="ZetaVARDataExchange.ZetaVARExchangeLicenseData">
                            <GIResult LineNbr="19" SortOrder="6" IsActive="1" Field="commercialTransactionsofLimit" IsVisible="1" DefaultNav="0" QuickFilter="0" FastFilter="0" RowID="62356fb5-f4d7-4b2f-9e0b-fe7a45268e2b" />
                            <GIResult LineNbr="17" SortOrder="4" IsActive="1" Field="validTo" IsVisible="1" DefaultNav="0" QuickFilter="0" FastFilter="0" RowID="32ef9e4f-c97a-41a4-8193-a15cc1a1a313" />
                            <GIResult LineNbr="16" SortOrder="3" IsActive="1" Field="validFrom" IsVisible="1" DefaultNav="0" QuickFilter="0" FastFilter="0" RowID="abe21c2f-3bcf-4cc9-8c72-5d4781b69117" />
                            <GIResult LineNbr="13" SortOrder="2" IsActive="1" Field="licenseStatus" IsVisible="1" DefaultNav="0" QuickFilter="0" FastFilter="0" RowID="f61c7a03-f467-454e-ab47-8fca78431c5c" />
                            <GIResult LineNbr="8" SortOrder="5" IsActive="1" Field="eRPTransactionsofLimit" StyleFormula="=IIF([ZetaVARExchangeLicenseData.CompanyName]='District Camera','red20',IIF([ZetaVARExchangeLicenseData.LicenseStatus]='Valid','default','red20'))" IsVisible="1" DefaultNav="0" QuickFilter="0" FastFilter="0" RowID="e1e68bdd-9389-4a2f-9b94-17f2fea535bf" />
                            <GIResult LineNbr="3" SortOrder="1" IsActive="1" Field="companyName" IsVisible="1" DefaultNav="0" NavigationNbr="1" QuickFilter="0" FastFilter="0" RowID="1e7ce9e5-ecd0-4a0b-9d84-7e36096bccb1" />
                            <GIResult LineNbr="2" SortOrder="7" IsActive="1" Field="=IIf(IIf(			InStr([ZetaVARExchangeLicenseData.CommercialTransactionsofLimit], '(') &gt; 0, 			Substring(				[ZetaVARExchangeLicenseData.CommercialTransactionsofLimit], 				InStr([ZetaVARExchangeLicenseData.CommercialTransactionsofLimit], '(') + 1, 				Len([ZetaVARExchangeLicenseData.CommercialTransactionsofLimit]) - InStr([ZetaVARExchangeLicenseData.CommercialTransactionsofLimit], '(') - 2			), 			'0'			) &gt;= '5', 'red20', 'default')" StyleFormula="=IIf(IIf(			InStr([ZetaVARExchangeLicenseData.CommercialTransactionsofLimit], '(') &gt; 0, 			Substring(				[ZetaVARExchangeLicenseData.CommercialTransactionsofLimit], 				InStr([ZetaVARExchangeLicenseData.CommercialTransactionsofLimit], '(') + 1, 				Len([ZetaVARExchangeLicenseData.CommercialTransactionsofLimit]) - InStr([ZetaVARExchangeLicenseData.CommercialTransactionsofLimit], '(') - 2			), 			'0'			) &gt;= '5', 'red20', 'default')" IsVisible="1" DefaultNav="0" QuickFilter="0" FastFilter="0" RowID="3045dd3e-e974-4392-b2ae-207d7a372914" />
                        </GITable>
                        <GIWhere LineNbr="1" IsActive="0" DataFieldName="ZetaVARExchangeLicenseData.licenseStatus" Condition="NE" IsExpression="0" Value1="='Invalid'" Operation="A" />
                        <SiteMap linkname="toDesignById">
                            <row Title="VARExchange_LicenseDetails" Url="~/GenericInquiry/GenericInquiry.aspx?id=c82b79b1-ad61-4d80-a055-f0538b964030" ScreenID="ZETA6001" NodeID="326b233f-722c-419c-9149-36cafb2289d8" ParentID="00000000-0000-0000-0000-000000000000">
                                <FilterHeader FilterID="d65e78b5-f49f-ed11-926c-60e32b7b1b95" UserName="admin" ViewName="Results" FilterName="UPCOMING RENEWALS" IsDefault="0" IsShared="1" IsShortcut="0" IsSystem="0" IsHidden="0" FilterOrder="2">
                                    <FilterRow FilterRowNbr="2" OpenBrackets="0" DataField="ZetaVARExchangeLicenseData_licenseStatus" Condition="0" ValueSt="Valid" ValueSt2="" CloseBrackets="0" Operator="0" IsUsed="1" FilterType="0" />
                                    <FilterRow FilterRowNbr="1" OpenBrackets="0" DataField="ZetaVARExchangeLicenseData_validTo" Condition="5" ValueSt="@Today+30" CloseBrackets="0" Operator="0" IsUsed="1" FilterType="0" />
                                </FilterHeader>
                                <MUIScreen IsPortal="0" WorkspaceID="bbbbbbbb-bbbb-bbbb-bbbb-bbbbbbbbbbbb" Order="640372" SubcategoryID="98e86774-69e3-41ea-b94f-eb2c7a8426d4">
                                    <MUIPinnedScreen IsPortal="0" Username="" IsPinned="1" />
                                </MUIScreen>
                            </row>
                        </SiteMap>
                    </row>
                </GIDesign>
                <MUIWorkspace>
                    <row IsPortal="1" WorkspaceID="bbbbbbbb-bbbb-bbbb-bbbb-bbbbbbbbbbbb" Order="5" Title="Data Views" Icon="poll" IsSystem="1">
                        <MUIFavoriteWorkspace IsPortal="0" Username="" IsFavorite="1" />
                    </row>
                    <row IsPortal="0" WorkspaceID="bbbbbbbb-bbbb-bbbb-bbbb-bbbbbbbbbbbb" Order="32" Title="Data Views" Icon="poll" IsSystem="1">
                        <MUIFavoriteWorkspace IsPortal="0" Username="" IsFavorite="1" />
                    </row>
                </MUIWorkspace>
                <MUISubcategory>
                    <row IsPortal="1" SubcategoryID="98e86774-69e3-41ea-b94f-eb2c7a8426d4" Order="896" Name="Inquiries" Icon="" IsSystem="1" />
                    <row IsPortal="0" SubcategoryID="98e86774-69e3-41ea-b94f-eb2c7a8426d4" Order="1554.5" Name="Inquiries" Icon="" IsSystem="1" />
                </MUISubcategory>
            </data>
        </data-set>
    </GenericInquiryScreen>
    <GenericInquiryScreen>
        <data-set>
            <relations format-version="3" relations-version="20220426" main-table="GIDesign" stable-sharing="True" file-name="(Name)">
                <link from="GIFilter (DesignID)" to="GIDesign (DesignID)" />
                <link from="GIGroupBy (DesignID)" to="GIDesign (DesignID)" />
                <link from="GIMassAction (DesignID)" to="GIDesign (DesignID)" />
                <link from="GIMassUpdateField (DesignID)" to="GIDesign (DesignID)" />
                <link from="GINavigationScreen (DesignID)" to="GIDesign (DesignID)" />
                <link from="GINavigationParameter (DesignID, NavigationScreenLineNbr)" to="GINavigationScreen (DesignID, LineNbr)" />
                <link from="GINavigationCondition (DesignID, NavigationScreenLineNbr)" to="GINavigationScreen (DesignID, LineNbr)" />
                <link from="GIOn (DesignID, RelationNbr)" to="GIRelation (DesignID, LineNbr)" />
                <link from="GIRecordDefault (DesignID)" to="GIDesign (DesignID)" />
                <link from="GIRelation (DesignID, ParentTable)" to="GITable (DesignID, Alias)" />
                <link from="GIRelation (DesignID, ChildTable)" to="GITable (DesignID, Alias)" />
                <link from="GIResult (DesignID)" to="GIDesign (DesignID)" />
                <link from="GIResult (ObjectName, DesignID)" to="GITable (Alias, DesignID)" />
                <link from="GISort (DesignID)" to="GIDesign (DesignID)" />
                <link from="GITable (DesignID)" to="GIDesign (DesignID)" />
                <link from="GIWhere (DesignID)" to="GIDesign (DesignID)" />
                <link from="SiteMap (Url)" to="GIDesign (DesignID)" type="WeakByUrl" linkname="toDesignById" baseurl="~/GenericInquiry/GenericInquiry.aspx" paramnames="id" />
                <link from="SiteMap (Url)" to="GIDesign (Name)" type="WeakByUrl" linkname="toDesignByName" baseurl="~/GenericInquiry/GenericInquiry.aspx" />
                <link from="ListEntryPoint (ListScreenID)" to="SiteMap (ScreenID)" />
                <link from="SiteMap (ScreenID)" to="GIDesign (PrimaryScreenIDNew)" linkname="to1Screen" />
                <link from="FilterHeader (ScreenID)" to="SiteMap (ScreenID)" />
                <link from="FilterRow (FilterID)" to="FilterHeader (FilterID)" />
                <link from="PivotTable (NoteID)" to="FilterHeader (RefNoteID)" />
                <link from="PivotField (ScreenID, PivotTableID)" to="PivotTable (ScreenID, PivotTableID)" />
                <link from="MUIScreen (NodeID)" to="SiteMap (NodeID)" />
                <link from="MUIWorkspace (WorkspaceID)" to="MUIScreen (WorkspaceID)" type="FromMaster" linkname="workspaceToScreen" split-location="yes" updateable="True" />
                <link from="MUISubcategory (SubcategoryID)" to="MUIScreen (SubcategoryID)" type="FromMaster" updateable="True" />
                <link from="MUITile (ScreenID)" to="SiteMap (ScreenID)" />
                <link from="MUIWorkspace (WorkspaceID)" to="MUITile (WorkspaceID)" type="FromMaster" linkname="workspaceToTile" split-location="yes" updateable="True" />
                <link from="MUIArea (AreaID)" to="MUIWorkspace (AreaID)" type="FromMaster" updateable="True" />
                <link from="MUIPinnedScreen (NodeID, WorkspaceID)" to="MUIScreen (NodeID, WorkspaceID)" type="WeakIfEmpty" isEmpty="Username" />
                <link from="MUIFavoriteWorkspace (WorkspaceID)" to="MUIWorkspace (WorkspaceID)" type="WeakIfEmpty" isEmpty="Username" />
                <link from="GIDesign (NoteID)" to="Note (NoteID)" type="Note" />
                <link from="GIFilter (NoteID)" to="Note (NoteID)" type="Note" />
                <link from="GIFilter (NoteID)" to="GIFilterKvExt (RecordID)" type="RowKvExt" />
                <link from="GIGroupBy (NoteID)" to="Note (NoteID)" type="Note" />
                <link from="GIOn (NoteID)" to="Note (NoteID)" type="Note" />
                <link from="GIRelation (NoteID)" to="Note (NoteID)" type="Note" />
                <link from="GIResult (NoteID)" to="Note (NoteID)" type="Note" />
                <link from="GIResult (NoteID)" to="GIResultKvExt (RecordID)" type="RowKvExt" />
                <link from="GISort (NoteID)" to="Note (NoteID)" type="Note" />
                <link from="GITable (NoteID)" to="Note (NoteID)" type="Note" />
                <link from="GIWhere (NoteID)" to="Note (NoteID)" type="Note" />
                <link from="FilterHeader (NoteID)" to="Note (NoteID)" type="Note" />
                <link from="FilterHeader (NoteID)" to="FilterHeaderKvExt (RecordID)" type="RowKvExt" />
            </relations>
            <layout>
                <table name="GIDesign">
                    <table name="GIFilter" uplink="(DesignID) = (DesignID)">
                        <table name="Note" uplink="(NoteID) = (NoteID)" />
                        <table name="GIFilterKvExt" uplink="(NoteID) = (RecordID)" />
                    </table>
                    <table name="GIGroupBy" uplink="(DesignID) = (DesignID)">
                        <table name="Note" uplink="(NoteID) = (NoteID)" />
                    </table>
                    <table name="GIMassAction" uplink="(DesignID) = (DesignID)" />
                    <table name="GIMassUpdateField" uplink="(DesignID) = (DesignID)" />
                    <table name="GINavigationScreen" uplink="(DesignID) = (DesignID)">
                        <table name="GINavigationParameter" uplink="(DesignID, LineNbr) = (DesignID, NavigationScreenLineNbr)" />
                        <table name="GINavigationCondition" uplink="(DesignID, LineNbr) = (DesignID, NavigationScreenLineNbr)" />
                    </table>
                    <table name="GIRecordDefault" uplink="(DesignID) = (DesignID)" />
                    <table name="GISort" uplink="(DesignID) = (DesignID)">
                        <table name="Note" uplink="(NoteID) = (NoteID)" />
                    </table>
                    <table name="GITable" uplink="(DesignID) = (DesignID)">
                        <table name="GIRelation" uplink="(DesignID, Alias) = (DesignID, ParentTable)">
                            <table name="GIOn" uplink="(DesignID, LineNbr) = (DesignID, RelationNbr)">
                                <table name="Note" uplink="(NoteID) = (NoteID)" />
                            </table>
                            <table name="Note" uplink="(NoteID) = (NoteID)" />
                        </table>
                        <table name="GIResult" uplink="(Alias, DesignID) = (ObjectName, DesignID)">
                            <table name="Note" uplink="(NoteID) = (NoteID)" />
                            <table name="GIResultKvExt" uplink="(NoteID) = (RecordID)" />
                        </table>
                        <table name="Note" uplink="(NoteID) = (NoteID)" />
                    </table>
                    <table name="GIWhere" uplink="(DesignID) = (DesignID)">
                        <table name="Note" uplink="(NoteID) = (NoteID)" />
                    </table>
                    <table name="SiteMap" uplink="(DesignID) = (Url)" linkname="toDesignById">
                        <table name="ListEntryPoint" uplink="(ScreenID) = (ListScreenID)" />
                        <table name="FilterHeader" uplink="(ScreenID) = (ScreenID)">
                            <table name="FilterRow" uplink="(FilterID) = (FilterID)" />
                            <table name="PivotTable" uplink="(RefNoteID) = (NoteID)">
                                <table name="PivotField" uplink="(ScreenID, PivotTableID) = (ScreenID, PivotTableID)" />
                            </table>
                            <table name="Note" uplink="(NoteID) = (NoteID)" />
                            <table name="FilterHeaderKvExt" uplink="(NoteID) = (RecordID)" />
                        </table>
                        <table name="MUIScreen" uplink="(NodeID) = (NodeID)">
                            <table name="MUIPinnedScreen" uplink="(NodeID, WorkspaceID) = (NodeID, WorkspaceID)" />
                        </table>
                        <table name="MUITile" uplink="(ScreenID) = (ScreenID)" />
                    </table>
                    <table name="SiteMap" uplink="(Name) = (Url)" linkname="toDesignByName">
                        <table name="ListEntryPoint" uplink="(ScreenID) = (ListScreenID)" />
                        <table name="FilterHeader" uplink="(ScreenID) = (ScreenID)">
                            <table name="FilterRow" uplink="(FilterID) = (FilterID)" />
                            <table name="PivotTable" uplink="(RefNoteID) = (NoteID)">
                                <table name="PivotField" uplink="(ScreenID, PivotTableID) = (ScreenID, PivotTableID)" />
                            </table>
                            <table name="Note" uplink="(NoteID) = (NoteID)" />
                            <table name="FilterHeaderKvExt" uplink="(NoteID) = (RecordID)" />
                        </table>
                        <table name="MUIScreen" uplink="(NodeID) = (NodeID)">
                            <table name="MUIPinnedScreen" uplink="(NodeID, WorkspaceID) = (NodeID, WorkspaceID)" />
                        </table>
                        <table name="MUITile" uplink="(ScreenID) = (ScreenID)" />
                    </table>
                    <table name="SiteMap" uplink="(PrimaryScreenIDNew) = (ScreenID)" linkname="to1Screen">
                        <table name="ListEntryPoint" uplink="(ScreenID) = (ListScreenID)" />
                        <table name="FilterHeader" uplink="(ScreenID) = (ScreenID)">
                            <table name="FilterRow" uplink="(FilterID) = (FilterID)" />
                            <table name="PivotTable" uplink="(RefNoteID) = (NoteID)">
                                <table name="PivotField" uplink="(ScreenID, PivotTableID) = (ScreenID, PivotTableID)" />
                            </table>
                            <table name="Note" uplink="(NoteID) = (NoteID)" />
                            <table name="FilterHeaderKvExt" uplink="(NoteID) = (RecordID)" />
                        </table>
                        <table name="MUIScreen" uplink="(NodeID) = (NodeID)">
                            <table name="MUIPinnedScreen" uplink="(NodeID, WorkspaceID) = (NodeID, WorkspaceID)" />
                        </table>
                        <table name="MUITile" uplink="(ScreenID) = (ScreenID)" />
                    </table>
                    <table name="Note" uplink="(NoteID) = (NoteID)" />
                </table>
                <table name="MUIWorkspace">
                    <table name="MUIFavoriteWorkspace" uplink="(WorkspaceID) = (WorkspaceID)" />
                </table>
                <table name="MUISubcategory" />
                <table name="MUIArea" />
            </layout>
            <data>
                <GIDesign>
                    <row DesignID="fa16f197-e0c7-4c8a-b030-cffef27c8c5e" Name="VARTenantSummary" FilterColCount="3" PageSize="0" ExportTop="0" NewRecordCreationEnabled="0" MassDeleteEnabled="0" AutoConfirmDelete="0" MassRecordsUpdateEnabled="0" MassActionsOnRecordsEnabled="0" ExposeViaOData="1" ExposeViaMobile="0" ShowDeletedRecords="0" NotesAndFilesTable="$&lt;None&gt;">
                        <GINavigationScreen Link="http://localhost/AcumaticaERP/Main?ScreenId=ZETA4010&amp;CompanyName=((CompanyName))" LineNbr="1" SortOrder="1" WindowMode="W" IsActive="1" NoteID="0ee63e52-01a0-ed11-926c-60e32b7b1b95">
                            <GINavigationParameter LineNbr="1" FieldName="((CompanyName))" ParameterName="ZetaVARExchangeTenants.companyName" IsExpression="0" />
                        </GINavigationScreen>
                        <GITable Alias="ZetaVARExchangeTenants" Name="ZetaVARDataExchange.ZetaVARExchangeTenants">
                            <GIResult LineNbr="4" SortOrder="1" IsActive="1" Field="companyName" IsVisible="1" DefaultNav="0" NavigationNbr="1" QuickFilter="0" FastFilter="0" RowID="1bf39916-34b1-4879-8a95-20be3b00e5b4" />
                            <GIResult LineNbr="3" SortOrder="4" IsActive="1" Field="status" IsVisible="1" DefaultNav="0" QuickFilter="0" FastFilter="0" RowID="eef1910f-3595-4b1c-83dd-5a3d209965f4" />
                            <GIResult LineNbr="2" SortOrder="3" IsActive="1" Field="tenantID" IsVisible="1" DefaultNav="0" QuickFilter="0" FastFilter="0" RowID="467c1a0c-3e76-4d18-957d-f0102fa1dbec" />
                            <GIResult LineNbr="1" SortOrder="2" IsActive="1" Field="loginName" IsVisible="1" DefaultNav="0" QuickFilter="0" FastFilter="0" RowID="a3b5920e-6cdc-4028-a5e6-ebfc6ea2edf0" />
                        </GITable>
                        <SiteMap linkname="toDesignById">
                            <row Title="VARTenantSummary" Url="~/GenericInquiry/GenericInquiry.aspx?id=fa16f197-e0c7-4c8a-b030-cffef27c8c5e" ScreenID="ZETA6004" NodeID="b25ebe92-2252-431f-9e4f-40c0f1487539" ParentID="00000000-0000-0000-0000-000000000000">
                                <MUIScreen IsPortal="0" WorkspaceID="bbbbbbbb-bbbb-bbbb-bbbb-bbbbbbbbbbbb" Order="640402" SubcategoryID="98e86774-69e3-41ea-b94f-eb2c7a8426d4">
                                    <MUIPinnedScreen IsPortal="0" Username="" IsPinned="1" />
                                </MUIScreen>
                            </row>
                        </SiteMap>
                    </row>
                </GIDesign>
                <MUIWorkspace>
                    <row IsPortal="1" WorkspaceID="bbbbbbbb-bbbb-bbbb-bbbb-bbbbbbbbbbbb" Order="5" Title="Data Views" Icon="poll" IsSystem="1">
                        <MUIFavoriteWorkspace IsPortal="0" Username="" IsFavorite="1" />
                    </row>
                    <row IsPortal="0" WorkspaceID="bbbbbbbb-bbbb-bbbb-bbbb-bbbbbbbbbbbb" Order="32" Title="Data Views" Icon="poll" IsSystem="1">
                        <MUIFavoriteWorkspace IsPortal="0" Username="" IsFavorite="1" />
                    </row>
                </MUIWorkspace>
                <MUISubcategory>
                    <row IsPortal="1" SubcategoryID="98e86774-69e3-41ea-b94f-eb2c7a8426d4" Order="896" Name="Inquiries" Icon="" IsSystem="1" />
                    <row IsPortal="0" SubcategoryID="98e86774-69e3-41ea-b94f-eb2c7a8426d4" Order="1554.5" Name="Inquiries" Icon="" IsSystem="1" />
                </MUISubcategory>
            </data>
        </data-set>
    </GenericInquiryScreen>
</Customization>