<Customization level="" description="" product-version="22.209">
    <Graph ClassName="ZetaVARExchangeBuildVersion" Source="#CDATA" IsNew="True" FileType="NewDac">
        <CDATA name="Source"><![CDATA[using System;
using PX.Data;

namespace ZetaDACMasters
{
	[Serializable]
	[PXCacheName("ZetaVARExchangeBuildVersion")]
	public class ZetaVARExchangeBuildVersion : IBqlTable
	{
		#region CompanyName
		[PXDBString(100, IsUnicode = true, InputMask = "")]
		[PXUIField(DisplayName = "Company Name")]
		public virtual string CompanyName { get; set; }
		public abstract class companyName : PX.Data.BQL.BqlString.Field<companyName> { }
		#endregion

		#region TenantName
		[PXDBString(100, IsUnicode = true, InputMask = "")]
		[PXUIField(DisplayName = "Tenant Name")]
		public virtual string TenantName { get; set; }
		public abstract class tenantName : PX.Data.BQL.BqlString.Field<tenantName> { }
		#endregion

		#region CurrentVersion
		[PXDBString(100, IsUnicode = true, InputMask = "")]
		[PXUIField(DisplayName = "Current Version")]
		public virtual string CurrentVersion { get; set; }
		public abstract class currentVersion : PX.Data.BQL.BqlString.Field<currentVersion> { }
		#endregion

		#region LastUpdateDate
		[PXDBString(100, IsUnicode = true, InputMask = "")]
		[PXUIField(DisplayName = "Last Update Date")]
		public virtual string LastUpdateDate { get; set; }
		public abstract class lastUpdateDate : PX.Data.BQL.BqlString.Field<lastUpdateDate> { }
		#endregion

		#region CreatedByID
		[PXDBCreatedByID()]
		public virtual Guid? CreatedByID { get; set; }
		public abstract class createdByID : PX.Data.BQL.BqlGuid.Field<createdByID> { }
		#endregion

		#region CreatedByScreenID
		[PXDBCreatedByScreenID()]
		public virtual string CreatedByScreenID { get; set; }
		public abstract class createdByScreenID : PX.Data.BQL.BqlString.Field<createdByScreenID> { }
		#endregion

		#region CreatedDateTime
		[PXDBCreatedDateTime()]
		public virtual DateTime? CreatedDateTime { get; set; }
		public abstract class createdDateTime : PX.Data.BQL.BqlDateTime.Field<createdDateTime> { }
		#endregion

		#region LastModifiedByID
		[PXDBLastModifiedByID()]
		public virtual Guid? LastModifiedByID { get; set; }
		public abstract class lastModifiedByID : PX.Data.BQL.BqlGuid.Field<lastModifiedByID> { }
		#endregion

		#region LastModifiedByScreenID
		[PXDBLastModifiedByScreenID()]
		public virtual string LastModifiedByScreenID { get; set; }
		public abstract class lastModifiedByScreenID : PX.Data.BQL.BqlString.Field<lastModifiedByScreenID> { }
		#endregion

		#region LastModifiedDateTime
		[PXDBLastModifiedDateTime()]
		public virtual DateTime? LastModifiedDateTime { get; set; }
		public abstract class lastModifiedDateTime : PX.Data.BQL.BqlDateTime.Field<lastModifiedDateTime> { }
		#endregion

		#region Tstamp
		[PXDBTimestamp()]
		[PXUIField(DisplayName = "Tstamp")]
		public virtual byte[] Tstamp { get; set; }
		public abstract class tstamp : PX.Data.BQL.BqlByteArray.Field<tstamp> { }
		#endregion
	}
}]]></CDATA>
    </Graph>
    <Graph ClassName="ZetaVARExchangeDetails" Source="#CDATA" IsNew="True" FileType="NewDac">
        <CDATA name="Source"><![CDATA[using System;
using PX.Data;

namespace ZetaDACMasters
{
	[Serializable]
	[PXCacheName("ZetaVARExchangeDetails")]
	public class ZetaVARExchangeDetails : IBqlTable
	{
		#region CompanyName
		[PXDBString(100, IsUnicode = true, InputMask = "")]
		[PXUIField(DisplayName = "Company Name")]
		public virtual string CompanyName { get; set; }
		public abstract class companyName : PX.Data.BQL.BqlString.Field<companyName> { }
		#endregion

		#region Tenantname
		[PXDBString(100, IsUnicode = true, InputMask = "")]
		[PXUIField(DisplayName = "Tenantname")]
		public virtual string Tenantname { get; set; }
		public abstract class tenantname : PX.Data.BQL.BqlString.Field<tenantname> { }
		#endregion

		#region Branch
		[PXDBString(50, IsUnicode = true, InputMask = "")]
		[PXUIField(DisplayName = "Branch")]
		public virtual string Branch { get; set; }
		public abstract class branch : PX.Data.BQL.BqlString.Field<branch> { }
		#endregion

		#region InstanceUrl
		[PXDBString(500, IsUnicode = true, InputMask = "")]
		[PXUIField(DisplayName = "Instance Url")]
		public virtual string InstanceUrl { get; set; }
		public abstract class instanceUrl : PX.Data.BQL.BqlString.Field<instanceUrl> { }
		#endregion

		#region LoginName
		[PXDBString(50, IsUnicode = true, InputMask = "")]
		[PXUIField(DisplayName = "Login Name")]
		public virtual string LoginName { get; set; }
		public abstract class loginName : PX.Data.BQL.BqlString.Field<loginName> { }
		#endregion

		#region LoginPassword
		[PXDBString(50, IsUnicode = true, InputMask = "")]
		[PXUIField(DisplayName = "Login Password")]
		public virtual string LoginPassword { get; set; }
		public abstract class loginPassword : PX.Data.BQL.BqlString.Field<loginPassword> { }
		#endregion

		#region Action
		[PXDBString(50, IsUnicode = true, InputMask = "")]
		[PXUIField(DisplayName = "Action")]
		public virtual string Action { get; set; }
		public abstract class action : PX.Data.BQL.BqlString.Field<action> { }
		#endregion

		#region CreatedByID
		[PXDBCreatedByID()]
		public virtual Guid? CreatedByID { get; set; }
		public abstract class createdByID : PX.Data.BQL.BqlGuid.Field<createdByID> { }
		#endregion

		#region CreatedByScreenID
		[PXDBCreatedByScreenID()]
		public virtual string CreatedByScreenID { get; set; }
		public abstract class createdByScreenID : PX.Data.BQL.BqlString.Field<createdByScreenID> { }
		#endregion

		#region CreatedDateTime
		[PXDBCreatedDateTime()]
		public virtual DateTime? CreatedDateTime { get; set; }
		public abstract class createdDateTime : PX.Data.BQL.BqlDateTime.Field<createdDateTime> { }
		#endregion

		#region LastModifiedByID
		[PXDBLastModifiedByID()]
		public virtual Guid? LastModifiedByID { get; set; }
		public abstract class lastModifiedByID : PX.Data.BQL.BqlGuid.Field<lastModifiedByID> { }
		#endregion

		#region LastModifiedByScreenID
		[PXDBLastModifiedByScreenID()]
		public virtual string LastModifiedByScreenID { get; set; }
		public abstract class lastModifiedByScreenID : PX.Data.BQL.BqlString.Field<lastModifiedByScreenID> { }
		#endregion

		#region LastModifiedDateTime
		[PXDBLastModifiedDateTime()]
		public virtual DateTime? LastModifiedDateTime { get; set; }
		public abstract class lastModifiedDateTime : PX.Data.BQL.BqlDateTime.Field<lastModifiedDateTime> { }
		#endregion

		#region Tstamp
		[PXDBTimestamp()]
		[PXUIField(DisplayName = "Tstamp")]
		public virtual byte[] Tstamp { get; set; }
		public abstract class tstamp : PX.Data.BQL.BqlByteArray.Field<tstamp> { }
		#endregion
	}
}]]></CDATA>
    </Graph>
    <Graph ClassName="ZetaVARExchangeFinPeriods" Source="#CDATA" IsNew="True" FileType="NewDac">
        <CDATA name="Source"><![CDATA[using System;
using PX.Data;

namespace ZetaDACMasters
{
	[Serializable]
	[PXCacheName("ZetaVARExchangeFinPeriods")]
	public class ZetaVARExchangeFinPeriods : IBqlTable
	{
		#region CompanyName
		[PXDBString(100, IsKey = true, IsUnicode = true, InputMask = "")]
		[PXUIField(DisplayName = "Company Name")]
		public virtual string CompanyName { get; set; }
		public abstract class companyName : PX.Data.BQL.BqlString.Field<companyName> { }
		#endregion

		#region TenantName
		[PXDBString(100, IsKey = true, IsUnicode = true, InputMask = "")]
		[PXUIField(DisplayName = "Tenant Name")]
		public virtual string TenantName { get; set; }
		public abstract class tenantName : PX.Data.BQL.BqlString.Field<tenantName> { }
		#endregion

		#region FinancialPeriod
		[PXDBString(50, IsKey = true, IsUnicode = true, InputMask = "")]
		[PXUIField(DisplayName = "Financial Period")]
		public virtual string FinancialPeriod { get; set; }
		public abstract class financialPeriod : PX.Data.BQL.BqlString.Field<financialPeriod> { }
		#endregion

		#region StartDate
		[PXDBDate()]
		[PXUIField(DisplayName = "Start Date")]
		public virtual DateTime? StartDate { get; set; }
		public abstract class startDate : PX.Data.BQL.BqlDateTime.Field<startDate> { }
		#endregion

		#region EndDate
		[PXDBDate()]
		[PXUIField(DisplayName = "End Date")]
		public virtual DateTime? EndDate { get; set; }
		public abstract class endDate : PX.Data.BQL.BqlDateTime.Field<endDate> { }
		#endregion

		#region Status
		[PXDBString(20, IsUnicode = true, InputMask = "")]
		[PXUIField(DisplayName = "Status")]
		public virtual string Status { get; set; }
		public abstract class status : PX.Data.BQL.BqlString.Field<status> { }
		#endregion

		#region ClosedInAP
		[PXDBBool()]
		[PXUIField(DisplayName = "Closed In AP")]
		public virtual bool? ClosedInAP { get; set; }
		public abstract class closedInAP : PX.Data.BQL.BqlBool.Field<closedInAP> { }
		#endregion

		#region ClosedInAR
		[PXDBBool()]
		[PXUIField(DisplayName = "Closed In AR")]
		public virtual bool? ClosedInAR { get; set; }
		public abstract class closedInAR : PX.Data.BQL.BqlBool.Field<closedInAR> { }
		#endregion

		#region ClosedInFA
		[PXDBBool()]
		[PXUIField(DisplayName = "Closed In FA")]
		public virtual bool? ClosedInFA { get; set; }
		public abstract class closedInFA : PX.Data.BQL.BqlBool.Field<closedInFA> { }
		#endregion

		#region ClosedInCA
		[PXDBBool()]
		[PXUIField(DisplayName = "Closed In CA")]
		public virtual bool? ClosedInCA { get; set; }
		public abstract class closedInCA : PX.Data.BQL.BqlBool.Field<closedInCA> { }
		#endregion

		#region ClosedInGL
		[PXDBBool()]
		[PXUIField(DisplayName = "Closed In GL")]
		public virtual bool? ClosedInGL { get; set; }
		public abstract class closedInGL : PX.Data.BQL.BqlBool.Field<closedInGL> { }
		#endregion

		#region ClosedinIN
		[PXDBBool()]
		[PXUIField(DisplayName = "Closedin IN")]
		public virtual bool? ClosedinIN { get; set; }
		public abstract class closedinIN : PX.Data.BQL.BqlBool.Field<closedinIN> { }
		#endregion

		#region CreatedByID
		[PXDBCreatedByID()]
		public virtual Guid? CreatedByID { get; set; }
		public abstract class createdByID : PX.Data.BQL.BqlGuid.Field<createdByID> { }
		#endregion

		#region CreatedByScreenID
		[PXDBCreatedByScreenID()]
		public virtual string CreatedByScreenID { get; set; }
		public abstract class createdByScreenID : PX.Data.BQL.BqlString.Field<createdByScreenID> { }
		#endregion

		#region CreatedDateTime
		[PXDBCreatedDateTime()]
		public virtual DateTime? CreatedDateTime { get; set; }
		public abstract class createdDateTime : PX.Data.BQL.BqlDateTime.Field<createdDateTime> { }
		#endregion

		#region LastModifiedByID
		[PXDBLastModifiedByID()]
		public virtual Guid? LastModifiedByID { get; set; }
		public abstract class lastModifiedByID : PX.Data.BQL.BqlGuid.Field<lastModifiedByID> { }
		#endregion

		#region LastModifiedByScreenID
		[PXDBLastModifiedByScreenID()]
		public virtual string LastModifiedByScreenID { get; set; }
		public abstract class lastModifiedByScreenID : PX.Data.BQL.BqlString.Field<lastModifiedByScreenID> { }
		#endregion

		#region LastModifiedDateTime
		[PXDBLastModifiedDateTime()]
		public virtual DateTime? LastModifiedDateTime { get; set; }
		public abstract class lastModifiedDateTime : PX.Data.BQL.BqlDateTime.Field<lastModifiedDateTime> { }
		#endregion

		#region Tstamp
		[PXDBTimestamp()]
		[PXUIField(DisplayName = "Tstamp")]
		public virtual byte[] Tstamp { get; set; }
		public abstract class tstamp : PX.Data.BQL.BqlByteArray.Field<tstamp> { }
		#endregion
	}
}]]></CDATA>
    </Graph>
    <Graph ClassName="ZetaVARExchangeLicenseData" Source="#CDATA" IsNew="True" FileType="NewDac">
        <CDATA name="Source"><![CDATA[using System;
using PX.Data;

namespace ZetaDACMasters
{
	[Serializable]
	[PXCacheName("ZetaVARExchangeLicenseData")]
	public class ZetaVARExchangeLicenseData : IBqlTable
	{
		#region CompanyName
		[PXDBString(100, IsKey = true, IsUnicode = true, InputMask = "")]
		[PXUIField(DisplayName = "Company Name")]
		public virtual string CompanyName { get; set; }
		public abstract class companyName : PX.Data.BQL.BqlString.Field<companyName> { }
		#endregion

		#region TenantName
		[PXDBString(100, IsKey = true, IsUnicode = true, InputMask = "")]
		[PXUIField(DisplayName = "Tenant Name")]
		public virtual string TenantName { get; set; }
		public abstract class tenantName : PX.Data.BQL.BqlString.Field<tenantName> { }
		#endregion

		#region LicenseStatus
		[PXDBString(50, IsUnicode = true, InputMask = "")]
		[PXUIField(DisplayName = "License Status")]
		public virtual string LicenseStatus { get; set; }
		public abstract class licenseStatus : PX.Data.BQL.BqlString.Field<licenseStatus> { }
		#endregion

		#region ValidFrom
		[PXDBDate()]
		[PXUIField(DisplayName = "Valid From")]
		public virtual DateTime? ValidFrom { get; set; }
		public abstract class validFrom : PX.Data.BQL.BqlDateTime.Field<validFrom> { }
		#endregion

		#region ValidTo
		[PXDBDate()]
		[PXUIField(DisplayName = "Valid To")]
		public virtual DateTime? ValidTo { get; set; }
		public abstract class validTo : PX.Data.BQL.BqlDateTime.Field<validTo> { }
		#endregion

		#region Month
		[PXDBString(50, IsUnicode = true, InputMask = "")]
		[PXUIField(DisplayName = "Month")]
		public virtual string Month { get; set; }
		public abstract class month : PX.Data.BQL.BqlString.Field<month> { }
		#endregion

		#region CommercialTransactionsofLimit
		[PXDBString(50, IsUnicode = true, InputMask = "")]
		[PXUIField(DisplayName = "Commercial Transactionsof Limit")]
		public virtual string CommercialTransactionsofLimit { get; set; }
		public abstract class commercialTransactionsofLimit : PX.Data.BQL.BqlString.Field<commercialTransactionsofLimit> { }
		#endregion

		#region ERPTransactionsofLimit
		[PXDBString(50, IsUnicode = true, InputMask = "")]
		[PXUIField(DisplayName = "ERPTransactionsof Limit")]
		public virtual string ERPTransactionsofLimit { get; set; }
		public abstract class eRPTransactionsofLimit : PX.Data.BQL.BqlString.Field<eRPTransactionsofLimit> { }
		#endregion

		#region LicenseTier
		[PXDBString(50, IsUnicode = true, InputMask = "")]
		[PXUIField(DisplayName = "License Tier")]
		public virtual string LicenseTier { get; set; }
		public abstract class licenseTier : PX.Data.BQL.BqlString.Field<licenseTier> { }
		#endregion

		#region NumberOfTenants
		[PXDBInt()]
		[PXUIField(DisplayName = "Number Of Tenants")]
		public virtual int? NumberOfTenants { get; set; }
		public abstract class numberOfTenants : PX.Data.BQL.BqlInt.Field<numberOfTenants> { }
		#endregion

		#region CreatedByID
		[PXDBCreatedByID()]
		public virtual Guid? CreatedByID { get; set; }
		public abstract class createdByID : PX.Data.BQL.BqlGuid.Field<createdByID> { }
		#endregion

		#region CreatedByScreenID
		[PXDBCreatedByScreenID()]
		public virtual string CreatedByScreenID { get; set; }
		public abstract class createdByScreenID : PX.Data.BQL.BqlString.Field<createdByScreenID> { }
		#endregion

		#region CreatedDateTime
		[PXDBCreatedDateTime()]
		public virtual DateTime? CreatedDateTime { get; set; }
		public abstract class createdDateTime : PX.Data.BQL.BqlDateTime.Field<createdDateTime> { }
		#endregion

		#region LastModifiedByID
		[PXDBLastModifiedByID()]
		public virtual Guid? LastModifiedByID { get; set; }
		public abstract class lastModifiedByID : PX.Data.BQL.BqlGuid.Field<lastModifiedByID> { }
		#endregion

		#region LastModifiedByScreenID
		[PXDBLastModifiedByScreenID()]
		public virtual string LastModifiedByScreenID { get; set; }
		public abstract class lastModifiedByScreenID : PX.Data.BQL.BqlString.Field<lastModifiedByScreenID> { }
		#endregion

		#region LastModifiedDateTime
		[PXDBLastModifiedDateTime()]
		public virtual DateTime? LastModifiedDateTime { get; set; }
		public abstract class lastModifiedDateTime : PX.Data.BQL.BqlDateTime.Field<lastModifiedDateTime> { }
		#endregion

		#region Tstamp
		[PXDBTimestamp()]
		[PXUIField(DisplayName = "Tstamp")]
		public virtual byte[] Tstamp { get; set; }
		public abstract class tstamp : PX.Data.BQL.BqlByteArray.Field<tstamp> { }
		#endregion
	}
}]]></CDATA>
    </Graph>
    <Graph ClassName="ZetaVARExchangePackages" Source="#CDATA" IsNew="True" FileType="NewDac">
        <CDATA name="Source"><![CDATA[using System;
using PX.Data;

namespace ZetaDACMasters
{
	[Serializable]
	[PXCacheName("ZetaVARExchangePackages")]
	public class ZetaVARExchangePackages : IBqlTable
	{
		#region CompanyName
		[PXDBString(100, IsKey = true, IsUnicode = true, InputMask = "")]
		[PXUIField(DisplayName = "Company Name")]
		public virtual string CompanyName { get; set; }
		public abstract class companyName : PX.Data.BQL.BqlString.Field<companyName> { }
		#endregion

		#region TenantName
		[PXDBString(100, IsKey = true, IsUnicode = true, InputMask = "")]
		[PXUIField(DisplayName = "Tenant Name")]
		public virtual string TenantName { get; set; }
		public abstract class tenantName : PX.Data.BQL.BqlString.Field<tenantName> { }
		#endregion

		#region PackageName
		[PXDBString(100, IsUnicode = true, InputMask = "")]
		[PXUIField(DisplayName = "Package Name")]
		public virtual string PackageName { get; set; }
		public abstract class packageName : PX.Data.BQL.BqlString.Field<packageName> { }
		#endregion

		#region Published
		[PXDBBool()]
		[PXUIField(DisplayName = "Published")]
		public virtual bool? Published { get; set; }
		public abstract class published : PX.Data.BQL.BqlBool.Field<published> { }
		#endregion

		#region PackageLevel
		[PXDBInt()]
		[PXUIField(DisplayName = "Package Level")]
		public virtual int? PackageLevel { get; set; }
		public abstract class packageLevel : PX.Data.BQL.BqlInt.Field<packageLevel> { }
		#endregion

		#region PublishedDate
		[PXDBDate()]
		[PXUIField(DisplayName = "Published Date")]
		public virtual DateTime? PublishedDate { get; set; }
		public abstract class publishedDate : PX.Data.BQL.BqlDateTime.Field<publishedDate> { }
		#endregion

		#region PublishedBy
		[PXDBString(50, IsUnicode = true, InputMask = "")]
		[PXUIField(DisplayName = "Published By")]
		public virtual string PublishedBy { get; set; }
		public abstract class publishedBy : PX.Data.BQL.BqlString.Field<publishedBy> { }
		#endregion

		#region CreatedByID
		[PXDBCreatedByID()]
		public virtual Guid? CreatedByID { get; set; }
		public abstract class createdByID : PX.Data.BQL.BqlGuid.Field<createdByID> { }
		#endregion

		#region CreatedByScreenID
		[PXDBCreatedByScreenID()]
		public virtual string CreatedByScreenID { get; set; }
		public abstract class createdByScreenID : PX.Data.BQL.BqlString.Field<createdByScreenID> { }
		#endregion

		#region CreatedDateTime
		[PXDBCreatedDateTime()]
		public virtual DateTime? CreatedDateTime { get; set; }
		public abstract class createdDateTime : PX.Data.BQL.BqlDateTime.Field<createdDateTime> { }
		#endregion

		#region LastModifiedByID
		[PXDBLastModifiedByID()]
		public virtual Guid? LastModifiedByID { get; set; }
		public abstract class lastModifiedByID : PX.Data.BQL.BqlGuid.Field<lastModifiedByID> { }
		#endregion

		#region LastModifiedByScreenID
		[PXDBLastModifiedByScreenID()]
		public virtual string LastModifiedByScreenID { get; set; }
		public abstract class lastModifiedByScreenID : PX.Data.BQL.BqlString.Field<lastModifiedByScreenID> { }
		#endregion

		#region LastModifiedDateTime
		[PXDBLastModifiedDateTime()]
		public virtual DateTime? LastModifiedDateTime { get; set; }
		public abstract class lastModifiedDateTime : PX.Data.BQL.BqlDateTime.Field<lastModifiedDateTime> { }
		#endregion

		#region Tstamp
		[PXDBTimestamp()]
		[PXUIField(DisplayName = "Tstamp")]
		public virtual byte[] Tstamp { get; set; }
		public abstract class tstamp : PX.Data.BQL.BqlByteArray.Field<tstamp> { }
		#endregion
	}
}]]></CDATA>
    </Graph>
    <Graph ClassName="ZetaVARExchangeTenants" Source="#CDATA" IsNew="True" FileType="NewDac">
        <CDATA name="Source"><![CDATA[using System;
using PX.Data;

namespace ZetaDACMasters
{
	[Serializable]
	[PXCacheName("ZetaVARExchangeTenants")]
	public class ZetaVARExchangeTenants : IBqlTable
	{
		#region CompanyName
		[PXDBString(100, IsKey = true, IsUnicode = true, InputMask = "")]
		[PXUIField(DisplayName = "Company Name")]
		public virtual string CompanyName { get; set; }
		public abstract class companyName : PX.Data.BQL.BqlString.Field<companyName> { }
		#endregion

		#region TenantName
		[PXDBString(100, IsKey = true, IsUnicode = true, InputMask = "")]
		[PXUIField(DisplayName = "Tenant Name")]
		public virtual string TenantName { get; set; }
		public abstract class tenantName : PX.Data.BQL.BqlString.Field<tenantName> { }
		#endregion

		#region TenantID
		[PXDBInt()]
		[PXUIField(DisplayName = "Tenant ID")]
		public virtual int? TenantID { get; set; }
		public abstract class tenantID : PX.Data.BQL.BqlInt.Field<tenantID> { }
		#endregion

		#region LoginName
		[PXDBString(100, IsUnicode = true, InputMask = "")]
		[PXUIField(DisplayName = "Login Name")]
		public virtual string LoginName { get; set; }
		public abstract class loginName : PX.Data.BQL.BqlString.Field<loginName> { }
		#endregion

		#region Status
		[PXDBString(50, IsUnicode = true, InputMask = "")]
		[PXUIField(DisplayName = "Status")]
		public virtual string Status { get; set; }
		public abstract class status : PX.Data.BQL.BqlString.Field<status> { }
		#endregion

		#region CreatedByID
		[PXDBCreatedByID()]
		public virtual Guid? CreatedByID { get; set; }
		public abstract class createdByID : PX.Data.BQL.BqlGuid.Field<createdByID> { }
		#endregion

		#region CreatedByScreenID
		[PXDBCreatedByScreenID()]
		public virtual string CreatedByScreenID { get; set; }
		public abstract class createdByScreenID : PX.Data.BQL.BqlString.Field<createdByScreenID> { }
		#endregion

		#region CreatedDateTime
		[PXDBCreatedDateTime()]
		public virtual DateTime? CreatedDateTime { get; set; }
		public abstract class createdDateTime : PX.Data.BQL.BqlDateTime.Field<createdDateTime> { }
		#endregion

		#region LastModifiedByID
		[PXDBLastModifiedByID()]
		public virtual Guid? LastModifiedByID { get; set; }
		public abstract class lastModifiedByID : PX.Data.BQL.BqlGuid.Field<lastModifiedByID> { }
		#endregion

		#region LastModifiedByScreenID
		[PXDBLastModifiedByScreenID()]
		public virtual string LastModifiedByScreenID { get; set; }
		public abstract class lastModifiedByScreenID : PX.Data.BQL.BqlString.Field<lastModifiedByScreenID> { }
		#endregion

		#region LastModifiedDateTime
		[PXDBLastModifiedDateTime()]
		public virtual DateTime? LastModifiedDateTime { get; set; }
		public abstract class lastModifiedDateTime : PX.Data.BQL.BqlDateTime.Field<lastModifiedDateTime> { }
		#endregion

		#region Tstamp
		[PXDBTimestamp()]
		[PXUIField(DisplayName = "Tstamp")]
		public virtual byte[] Tstamp { get; set; }
		public abstract class tstamp : PX.Data.BQL.BqlByteArray.Field<tstamp> { }
		#endregion
	}
}]]></CDATA>
    </Graph>
    <Graph ClassName="ZetaVARFeatures" Source="#CDATA" IsNew="True" FileType="NewDac">
        <CDATA name="Source"><![CDATA[using System;
using PX.Data;

namespace ZetaDACMasters
{
	[Serializable]
	[PXCacheName("ZetaVARFeatures")]
	public class ZetaVARFeatures : IBqlTable
	{
		#region CompanyName
		[PXDBString(100, IsUnicode = true, InputMask = "")]
		[PXUIField(DisplayName = "Company Name")]
		public virtual string CompanyName { get; set; }
		public abstract class companyName : PX.Data.BQL.BqlString.Field<companyName> { }
		#endregion

		#region TenantName
		[PXDBString(100, IsUnicode = true, InputMask = "")]
		[PXUIField(DisplayName = "Tenant Name")]
		public virtual string TenantName { get; set; }
		public abstract class tenantName : PX.Data.BQL.BqlString.Field<tenantName> { }
		#endregion

		#region FeatureSetName
		[PXDBString(100, IsUnicode = true, InputMask = "")]
		[PXUIField(DisplayName = "Feature Set Name")]
		public virtual string FeatureSetName { get; set; }
		public abstract class featureSetName : PX.Data.BQL.BqlString.Field<featureSetName> { }
		#endregion

		#region IsActive
		[PXDBBool()]
		[PXUIField(DisplayName = "Is Active")]
		public virtual bool? IsActive { get; set; }
		public abstract class isActive : PX.Data.BQL.BqlBool.Field<isActive> { }
		#endregion

		#region CreatedByID
		[PXDBCreatedByID()]
		public virtual Guid? CreatedByID { get; set; }
		public abstract class createdByID : PX.Data.BQL.BqlGuid.Field<createdByID> { }
		#endregion

		#region CreatedByScreenID
		[PXDBCreatedByScreenID()]
		public virtual string CreatedByScreenID { get; set; }
		public abstract class createdByScreenID : PX.Data.BQL.BqlString.Field<createdByScreenID> { }
		#endregion

		#region CreatedDateTime
		[PXDBCreatedDateTime()]
		public virtual DateTime? CreatedDateTime { get; set; }
		public abstract class createdDateTime : PX.Data.BQL.BqlDateTime.Field<createdDateTime> { }
		#endregion

		#region LastModifiedByID
		[PXDBLastModifiedByID()]
		public virtual Guid? LastModifiedByID { get; set; }
		public abstract class lastModifiedByID : PX.Data.BQL.BqlGuid.Field<lastModifiedByID> { }
		#endregion

		#region LastModifiedByScreenID
		[PXDBLastModifiedByScreenID()]
		public virtual string LastModifiedByScreenID { get; set; }
		public abstract class lastModifiedByScreenID : PX.Data.BQL.BqlString.Field<lastModifiedByScreenID> { }
		#endregion

		#region LastModifiedDateTime
		[PXDBLastModifiedDateTime()]
		public virtual DateTime? LastModifiedDateTime { get; set; }
		public abstract class lastModifiedDateTime : PX.Data.BQL.BqlDateTime.Field<lastModifiedDateTime> { }
		#endregion

		#region Tstamp
		[PXDBTimestamp()]
		[PXUIField(DisplayName = "Tstamp")]
		public virtual byte[] Tstamp { get; set; }
		public abstract class tstamp : PX.Data.BQL.BqlByteArray.Field<tstamp> { }
		#endregion
	}
}]]></CDATA>
    </Graph>
    <Sql TableName="AddTable1" SqlScriptPriority="5" CustomScript="#CDATA">
        <CDATA name="CustomScript"><![CDATA[IF EXISTS(
SELECT * FROM sys.tables WHERE SCHEMA_NAME(schema_id) LIKE 'dbo' AND name like 'ZetaVARExchangeDetails'
)
Drop Table [dbo].[ZetaVARExchangeDetails]
GO


SET ANSI_NULLS ON 

GO 

 

SET QUOTED_IDENTIFIER ON 

GO 

 

CREATE TABLE [dbo].[ZetaVARExchangeDetails]( 

[CompanyID] [int] NOT NULL, 

[CompanyName] [nvarchar](100) NOT NULL, 

[Tenantname] [nvarchar](100) NOT NULL, 

[Branch] [nvarchar](50) NULL, 

[InstanceUrl] [nvarchar](500) NULL, 

[LoginName] [nvarchar](50) NULL, 

[LoginPassword] [nvarchar](50) NULL, 

[Action] [nvarchar](50) NULL, 

[CreatedByID] [uniqueidentifier] NOT NULL, 

[CreatedByScreenID] [char](8) NOT NULL, 

[CreatedDateTime] [datetime] NOT NULL, 

[LastModifiedByID] [uniqueidentifier] NOT NULL, 

[LastModifiedByScreenID] [char](8) NOT NULL, 

[LastModifiedDateTime] [datetime] NOT NULL, 

[tstamp] [timestamp] NOT NULL)



GO 

 

ALTER TABLE [dbo].[ZetaVARExchangeDetails] ADD  DEFAULT ((0)) FOR [CompanyID] 

GO]]></CDATA>
    </Sql>
    <Sql TableName="AddTable2" SqlScriptPriority="6" CustomScript="#CDATA">
        <CDATA name="CustomScript"><![CDATA[IF EXISTS(
SELECT * FROM sys.tables WHERE SCHEMA_NAME(schema_id) LIKE 'dbo' AND name like 'ZetaVARExchangeBuildVersion'
)
Drop Table [dbo].[ZetaVARExchangeBuildVersion]
GO


SET ANSI_NULLS ON 

GO 

 

SET QUOTED_IDENTIFIER ON 

GO 

 

CREATE TABLE [dbo].[ZetaVARExchangeBuildVersion]( 

[CompanyID] [int] NOT NULL, 

[CompanyName] [nvarchar](100) NOT NULL, 

[TenantName] [nvarchar](100) NOT NULL, 

[CurrentVersion] [nvarchar](100) NOT NULL, 

[LastUpdateDate] [nvarchar](100) NOT NULL, 

[CreatedByID] [uniqueidentifier] NOT NULL, 

[CreatedByScreenID] [char](8) NOT NULL, 

[CreatedDateTime] [datetime] NOT NULL, 

[LastModifiedByID] [uniqueidentifier] NOT NULL, 

[LastModifiedByScreenID] [char](8) NOT NULL, 

[LastModifiedDateTime] [datetime] NOT NULL, 

[tstamp] [timestamp] NOT NULL )


GO 

 

ALTER TABLE [dbo].[ZetaVARExchangeBuildVersion] ADD  DEFAULT ((0)) FOR [CompanyID] 

GO]]></CDATA>
    </Sql>
    <Sql TableName="AddTable3" SqlScriptPriority="7" CustomScript="#CDATA">
        <CDATA name="CustomScript"><![CDATA[IF EXISTS(
SELECT * FROM sys.tables WHERE SCHEMA_NAME(schema_id) LIKE 'dbo' AND name like 'ZetaVARFeatures'
)
Drop Table [dbo].[ZetaVARFeatures]
GO


SET ANSI_NULLS ON 

GO 

 

SET QUOTED_IDENTIFIER ON 

GO 

 

CREATE TABLE [dbo].[ZetaVARFeatures]( 

[CompanyID] [int] NOT NULL, 

[CompanyName] [nvarchar](100) NOT NULL, 

[TenantName] [nvarchar](100) NOT NULL, 

[FeatureSetName] [nvarchar](100) NOT NULL, 

[IsActive] [bit] NOT NULL, 

[CreatedByID] [uniqueidentifier] NOT NULL, 

[CreatedByScreenID] [char](8) NOT NULL, 

[CreatedDateTime] [datetime] NOT NULL, 

[LastModifiedByID] [uniqueidentifier] NOT NULL, 

[LastModifiedByScreenID] [char](8) NOT NULL, 

[LastModifiedDateTime] [datetime] NOT NULL, 

[tstamp] [timestamp] NOT NULL )


GO 

 

ALTER TABLE [dbo].[ZetaVARFeatures] ADD  DEFAULT ((0)) FOR [CompanyID]]]></CDATA>
    </Sql>
    <Sql TableName="AddTableFinPeriods" CustomScript="#CDATA">
        <CDATA name="CustomScript"><![CDATA[IF EXISTS(
SELECT * FROM sys.tables WHERE SCHEMA_NAME(schema_id) LIKE 'dbo' AND name like 'ZetaVARExchangeFinPeriods'
)
Drop Table [dbo].[ZetaVARExchangeFinPeriods]
GO

SET ANSI_NULLS ON 

GO 

 

SET QUOTED_IDENTIFIER ON 

GO 

 

CREATE TABLE [dbo].[ZetaVARExchangeFinPeriods]( 

[CompanyID] [int] NOT NULL, 

[CompanyName] [nvarchar](100) NOT NULL, 

[TenantName] [nvarchar](100) NOT NULL, 

[FinancialPeriod] [nvarchar](50) NOT NULL, 

[StartDate] [datetime] NULL, 

[EndDate] [datetime] NULL, 

[Status] [nvarchar](20) NULL, 
[ClosedInAP] [bit] NULL, 

	[ClosedInAR] [bit] NULL, 

[ClosedInFA] [bit] NULL, 

[ClosedInCA] [bit] NULL, 

[ClosedInGL] [bit] NULL, 

	[ClosedinIN] [bit] NULL,

[CreatedByID] [uniqueidentifier] NOT NULL, 

[CreatedByScreenID] [char](8) NOT NULL, 

[CreatedDateTime] [datetime] NOT NULL, 

[LastModifiedByID] [uniqueidentifier] NOT NULL, 

[LastModifiedByScreenID] [char](8) NOT NULL, 

[LastModifiedDateTime] [datetime] NOT NULL, 

[tstamp] [timestamp] NOT NULL, 

 CONSTRAINT [PK_ZetaVARExchangeFinPeriods] PRIMARY KEY CLUSTERED  

( 

[CompanyID] ASC, 

[CompanyName] ASC, 

[TenantName] ASC, 

[FinancialPeriod] ASC 

)ON [PRIMARY] 

) ON [PRIMARY] 

GO 

 

ALTER TABLE [dbo].[ZetaVARExchangeFinPeriods] ADD  DEFAULT ((0)) FOR [CompanyID] 

GO]]></CDATA>
    </Sql>
    <Sql TableName="AddTableLicenses" CustomScript="#CDATA">
        <CDATA name="CustomScript"><![CDATA[IF EXISTS(
SELECT * FROM sys.tables WHERE SCHEMA_NAME(schema_id) LIKE 'dbo' AND name like 'ZetaVARExchangeLicenseData'
)
Drop Table [dbo].[ZetaVARExchangeLicenseData]
GO

SET ANSI_NULLS ON 

GO 

 

SET QUOTED_IDENTIFIER ON 

GO 

 

CREATE TABLE [dbo].[ZetaVARExchangeLicenseData]( 

[CompanyID] [int] NOT NULL, 

[CompanyName] [nvarchar](100) NOT NULL, 

[TenantName] [nvarchar](100) NOT NULL, 

[LicenseStatus] [nvarchar](50) NOT NULL, 

[ValidFrom] [datetime] NULL, 

[ValidTo] [datetime] NULL, 

[Month] [nvarchar](50) NULL, 

[CommercialTransactionsofLimit] [nvarchar](50) NULL, 

[ERPTransactionsofLimit] [nvarchar](50) NULL, 
[LicenseTier] [nvarchar](50) NULL,
[NumberOfTenants] [int] NULL,

[CreatedByID] [uniqueidentifier] NOT NULL, 

[CreatedByScreenID] [char](8) NOT NULL, 

[CreatedDateTime] [datetime] NOT NULL, 

[LastModifiedByID] [uniqueidentifier] NOT NULL, 

[LastModifiedByScreenID] [char](8) NOT NULL, 

[LastModifiedDateTime] [datetime] NOT NULL, 

[tstamp] [timestamp] NOT NULL, 

 CONSTRAINT [PK_ZetaVARExchangeLicenseData] PRIMARY KEY CLUSTERED  

( 

[CompanyID] ASC, 

[CompanyName] ASC, 

[TenantName] ASC 

)
) ON [PRIMARY] 

GO 

 

ALTER TABLE [dbo].[ZetaVARExchangeLicenseData] ADD  DEFAULT ((0)) FOR [CompanyID] 

GO]]></CDATA>
    </Sql>
    <Sql TableName="AddTablePackages" CustomScript="#CDATA">
        <CDATA name="CustomScript"><![CDATA[IF EXISTS(
SELECT * FROM sys.tables WHERE SCHEMA_NAME(schema_id) LIKE 'dbo' AND name like 'ZetaVARExchangePackages'
)
Drop Table [dbo].[ZetaVARExchangePackages]
GO

SET ANSI_NULLS ON 

GO 

 

SET QUOTED_IDENTIFIER ON 

GO 

 

CREATE TABLE [dbo].[ZetaVARExchangePackages]( 

[CompanyID] [int] NOT NULL, 

[CompanyName] [nvarchar](100) NOT NULL, 

[TenantName] [nvarchar](100) NOT NULL, 

[PackageName] [nvarchar](100) NOT NULL, 

[Published] [bit] NULL, 

[PackageLevel] [int] NULL, 

[PublishedDate] [datetime] NULL, 

[PublishedBy] [nvarchar](50) NULL, 

[CreatedByID] [uniqueidentifier] NOT NULL, 

[CreatedByScreenID] [char](8) NOT NULL, 

[CreatedDateTime] [datetime] NOT NULL, 

[LastModifiedByID] [uniqueidentifier] NOT NULL, 

[LastModifiedByScreenID] [char](8) NOT NULL, 

[LastModifiedDateTime] [datetime] NOT NULL, 

[tstamp] [timestamp] NOT NULL,

CONSTRAINT [PK_ZetaVARExchangePackages] PRIMARY KEY CLUSTERED  

( 

[CompanyID] ASC, 

[CompanyName] ASC, 

[TenantName] ASC 

) 


) ON [PRIMARY] 

GO 

 

ALTER TABLE [dbo].[ZetaVARExchangePackages] ADD  DEFAULT ((0)) FOR [CompanyID] 

GO]]></CDATA>
    </Sql>
    <Sql TableName="AddTableTenantas" CustomScript="#CDATA">
        <CDATA name="CustomScript"><![CDATA[IF EXISTS(
SELECT * FROM sys.tables WHERE SCHEMA_NAME(schema_id) LIKE 'dbo' AND name like 'ZetaVARExchangeTenants'
)
Drop Table [dbo].[ZetaVARExchangeTenants]
GO


SET ANSI_NULLS ON 

GO 

 

SET QUOTED_IDENTIFIER ON 

GO 

 

CREATE TABLE [dbo].[ZetaVARExchangeTenants]( 

[CompanyID] [int] NOT NULL, 

[CompanyName] [nvarchar](100) NOT NULL, 

[TenantName] [nvarchar](100) NOT NULL, 

[TenantID] [int] NOT NULL, 

[LoginName] [nvarchar](100) NOT NULL, 

[Status] [nvarchar](50) NULL, 

[CreatedByID] [uniqueidentifier] NOT NULL, 

[CreatedByScreenID] [char](8) NOT NULL, 

[CreatedDateTime] [datetime] NOT NULL, 

[LastModifiedByID] [uniqueidentifier] NOT NULL, 

[LastModifiedByScreenID] [char](8) NOT NULL, 

[LastModifiedDateTime] [datetime] NOT NULL, 

[tstamp] [timestamp] NOT NULL, 
CONSTRAINT [PK_ZetaVARExchangeTenants] PRIMARY KEY CLUSTERED  

( 

[CompanyID] ASC, 

[CompanyName] ASC, 

[TenantName] ASC 

)

) ON [PRIMARY] 

GO 

 

ALTER TABLE [dbo].[ZetaVARExchangeTenants] ADD  DEFAULT ((0)) FOR [CompanyID] 

GO]]></CDATA>
    </Sql>
</Customization>